20230413,95.045,95.345,95.7,96.155,96.565,96.87,97.04,97.115,97.135,97.155,97.17,97.16,97.155,97.135,97.12,97.095
20230414,95.05,95.355,95.735,96.205,96.615,96.91,97.065,97.125,97.145,97.16,97.17,97.16,97.145,97.125,97.105,97.075
20230417,94.935,95.195,95.55,95.99,96.385,96.68,96.855,96.935,96.97,96.995,97.02,97.015,97.01,97.0,96.99,96.97
20230418,94.925,95.17,95.52,95.96,96.335,96.62,96.795,96.875,96.915,96.945,96.97,96.97,96.97,96.95,96.94,96.92
20230419,94.89,95.095,95.415,95.84,96.225,96.525,96.71,96.81,96.865,96.9,96.93,96.93,96.93,96.915,96.905,96.885
20230420,94.895,95.125,95.475,95.92,96.32,96.62,96.81,96.91,96.965,97.0,97.03,97.03,97.03,97.015,97.0,96.98
20230421,94.915,95.165,95.545,96.025,96.445,96.755,96.93,97.01,97.05,97.07,97.08,97.065,97.05,97.02,97.005,96.975
20230424,94.91,95.135,95.505,95.975,96.39,96.705,96.885,96.975,97.02,97.04,97.055,97.045,97.035,97.01,96.995,96.97
20230425,94.935,95.21,95.62,96.115,96.545,96.85,97.02,97.1,97.14,97.16,97.17,97.16,97.145,97.125,97.11,97.08
20230426,94.99,95.295,95.725,96.24,96.675,96.98,97.13,97.2,97.225,97.235,97.235,97.21,97.185,97.15,97.13,97.095
20230427,94.95,95.245,95.685,96.19,96.615,96.905,97.06,97.13,97.16,97.175,97.18,97.16,97.14,97.11,97.085,97.05
20230428,94.915,95.175,95.59,96.09,96.53,96.835,96.995,97.075,97.11,97.125,97.13,97.115,97.1,97.07,97.05,97.025
20230501,94.9,95.135,95.53,96.035,96.485,96.805,96.985,97.085,97.125,97.15,97.16,97.145,97.13,97.1,97.08,97.05
20230502,94.85,95.07,95.46,95.96,96.415,96.74,96.925,97.025,97.065,97.08,97.085,97.065,97.045,97.015,96.99,96.955
20230503,94.98,95.28,95.68,96.19,96.64,96.9499014989,97.125,97.21,97.235,97.25,97.25,97.225,97.2,97.165,97.135,97.095
20230504,95.005,95.36,95.84,96.39,96.835,97.125,97.28,97.35,97.365,97.365,97.355,97.325,97.29,97.245,97.205,97.16
20230505,94.985,95.38,95.86,96.41,96.845,97.115,97.255,97.31,97.31,97.305,97.295,97.26,97.225,97.18,97.14,97.09
20230508,94.945,95.27,95.71,96.24,96.665,96.95,97.105,97.18,97.2,97.205,97.205,97.19,97.165,97.13,97.1,97.055
20230509,94.935,95.26,95.705,96.235,96.67,96.96,97.12,97.19,97.205,97.205,97.205,97.18,97.155,97.12,97.085,97.04
20230510,94.9,95.2,95.63,96.16,96.61,96.91,97.08,97.155,97.175,97.18,97.18,97.165,97.145,97.115,97.085,97.04
20230511,94.95,95.295,95.765,96.31,96.77,97.06,97.22,97.285,97.285,97.285,97.28,97.255,97.23,97.195,97.165,97.12
20230512,94.945,95.295,95.76,96.31,96.765,97.06,97.22,97.295,97.305,97.3050172684,97.3,97.28,97.255,97.22,97.185,97.1400111815
20230515,94.9225,95.225,95.67,96.205,96.65,96.945,97.105,97.19,97.205,97.21,97.21,97.195,97.17,97.14,97.105,97.06
20230516,94.9125,95.225,95.69,96.235,96.69,96.995,97.165,97.255,97.27,97.275,97.275,97.26,97.235,97.2,97.16,97.115
20230517,94.8875,95.15,95.57,96.095,96.555,96.87,97.06,97.155,97.175,97.17,97.17,97.15,97.13,97.1,97.07,97.03
20230518,94.855,95.11,95.5,95.985,96.425,96.745,96.945,97.05,97.08,97.085,97.085,97.07,97.055,97.025,96.995,96.955
20230519,94.8125,95.025,95.405,95.885,96.315,96.63,96.83,96.945,96.975,96.9864404762,96.995,96.99,96.98,96.955,96.93,96.895
20230522,94.8425,95.055,95.435,95.91,96.33,96.63,96.825,96.925,96.95,96.95,96.955,96.95,96.935,96.915,96.89,96.86
20230523,94.7925,94.95,95.285,95.735,96.15,96.465,96.68,96.795,96.83,96.835,96.835,96.835,96.825,96.81,96.795,96.77
20230524,94.7625,94.935,95.3,95.785,96.24,96.57,96.785,96.905,96.94,96.94,96.935,96.925,96.915,96.895,96.88,96.86
20230525,94.72,94.835,95.155,95.62,96.07,96.43,96.68,96.825,96.87,96.87,96.855,96.835,96.82,96.8,96.79,96.775
20230526,94.725,94.835,95.12,95.54,95.965,96.325,96.59,96.74,96.8,96.8,96.795,96.78,96.77,96.755,96.745,96.73
20230529,94.6875,94.77,95.025,95.405,95.81,96.175,96.46,96.63,96.705,96.72,96.73,96.73,96.73,96.725,96.715,96.71
20230530,94.695,94.805,95.085,95.5,95.935,96.315,96.595,96.76,96.82,96.835,96.84,96.835,96.83,96.82,96.8112859425,96.7964673157
20230531,94.675,94.81,95.13,95.575,96.04,96.435,96.71,96.865,96.92,96.93,96.935,96.93,96.915,96.905,96.89,96.865
20230601,94.7275,94.815,95.11,95.565,96.035,96.43,96.705,96.85,96.905,96.925,96.93,96.925,96.91,96.895,96.88,96.855
20230602,94.7425,94.865,95.205,95.695,96.165,96.545,96.8,96.935,96.98,96.995,97.005,96.995,96.985,96.965,96.94,96.915
20230605,94.7275,94.76,95.01,95.43,95.88,96.27,96.545,96.705,96.77,96.795,96.81,96.81,96.805,96.795,96.775,96.755
20230606,94.7375,94.8,95.1,95.565,96.03,96.405,96.665,96.815,96.88,96.905,96.92,96.925,96.92,96.91,96.895,96.875
20230607,94.745,94.79,95.045,95.46,95.915,96.29,96.57,96.735,96.82,96.855,96.88,96.89,96.895,96.89,96.875,96.86
20230608,94.725,94.76,94.98,95.36,95.79,96.165,96.45,96.625,96.715,96.745,96.77,96.775,96.775,96.76,96.745,96.725
20230609,94.7425,94.775,95.0,95.37,95.79,96.175,96.465,96.65,96.745,96.79,96.825,96.8400250976,96.84,96.835,96.82,96.8
20230612,94.7475,94.76,94.965,95.31,95.725,96.11,96.4,96.59,96.695,96.745,96.785,96.815,96.83,96.83,96.83,96.815
20230613,94.7375,94.75,94.97,95.345,95.78,96.175,96.465,96.65,96.745,96.79,96.83,96.86,96.87,96.87,96.865,96.845
20230614,94.7725,94.725,94.87,95.2,95.625,96.025,96.315,96.505,96.6,96.655,96.705,96.74,96.755,96.76,96.755,96.74
20230615,94.7875,94.68,94.775,95.095,95.525,95.93,96.23,96.425,96.54,96.605,96.665,96.705,96.73,96.745,96.745,96.74
20230616,94.785,94.685,94.81,95.135,95.575,95.995,96.32,96.535,96.655,96.73,96.785,96.825,96.85,96.86,96.86,96.845
20230619,94.7825,94.6799133749,94.795,95.085,95.49,95.895,96.205,96.415,96.535,96.61,96.665,96.715,96.745,96.76,96.76,96.755
20230620,94.685,94.805,95.105,95.52,95.93,96.25,96.455,96.575,96.65,96.715,96.755,96.78,96.795,96.8,96.795,96.785
20230621,94.66,94.795,95.115,95.545,95.965,96.275,96.48,96.595,96.67,96.725,96.765,96.785,96.805,96.815,96.81,96.805
20230622,94.65,94.765,95.07,95.4964583333,95.915,96.235,96.45,96.58,96.655,96.715,96.75,96.78,96.8,96.805,96.805,96.8
20230623,94.645,94.75,95.06,95.465,95.885,96.21,96.435,96.57,96.655,96.715,96.755,96.78,96.805,96.81,96.81,96.8
20230626,94.68,94.81,95.135,95.56,95.975,96.305,96.52,96.645,96.72,96.775,96.81,96.83,96.85,96.86,96.86,96.855
20230627,94.66,94.765,95.065,95.48,95.905,96.245,96.47,96.605,96.68,96.73,96.765,96.79,96.81,96.815,96.815,96.81
20230628,94.645,94.73,95.02,95.425,95.84,96.18,96.41,96.55,96.635,96.695,96.74,96.77,96.8,96.815,96.82,96.82
20230629,94.625,94.7,94.99,95.385,95.815,96.165,96.405,96.545,96.63,96.685,96.725,96.76,96.785,96.805,96.81,96.805
20230630,94.585,94.59,94.82,95.185,95.6,95.95,96.185,96.33,96.43,96.495,96.55,96.595,96.63,96.65,96.665,96.665
20230703,94.59,94.6,94.82,95.155,95.54,95.885,96.13,96.285,96.395,96.475,96.535,96.585,96.63,96.66,96.68,96.69
20230704,94.595,94.63,94.855,95.19,95.56,95.885,96.115,96.26,96.355,96.435,96.5,96.545,96.59,96.62,96.64,96.655
20230705,94.605,94.65,94.875,95.22,95.6,95.925,96.155,96.3,96.395,96.465,96.53,96.58,96.625,96.65,96.675,96.685
20230706,94.6,94.625,94.815,95.105,95.46,95.78,96.01,96.14,96.225,96.29,96.345,96.395,96.435,96.465,96.49,96.505
20230707,94.575,94.565,94.755,95.075,95.45,95.76,95.96,96.07,96.13,96.18,96.225,96.265,96.3,96.325,96.345,96.36
20230710,94.59,94.625,94.845,95.19,95.57,95.875,96.07,96.165,96.22,96.26,96.295,96.325,96.345,96.36,96.37,96.37
20230711,94.59,94.65,94.915,95.29,95.685,95.995,96.21,96.325,96.39,96.435,96.47,96.495,96.515,96.525,96.53,96.525
20230712,94.58,94.615,94.88,95.265,95.675,95.995,96.215,96.33,96.4,96.455,96.5,96.53,96.555,96.565,96.57,96.57
20230713,94.63,94.735,95.085,95.53,95.955,96.275,96.485,96.595,96.655,96.7,96.73,96.745,96.755,96.745,96.73,96.705
20230714,94.615,94.72,95.09,95.535,95.96,96.285,96.5,96.62,96.68,96.72,96.745,96.76,96.77,96.765,96.755,96.74
20230717,94.61,94.7,95.035,95.445,95.86,96.19,96.425,96.57,96.645,96.7,96.74,96.765,96.785,96.785,96.785,96.775
20230718,94.615,94.72,95.07,95.485,95.895,96.225,96.46,96.605,96.685,96.74,96.78,96.81,96.825,96.82,96.82,96.805
20230719,94.61,94.7,95.03,95.44,95.855,96.2,96.445,96.6,96.69,96.755,96.8,96.83,96.845,96.845,96.845,96.83
20230720,94.595,94.64,94.925,95.305,95.71,96.045,96.295,96.455,96.56,96.64,96.7,96.735,96.765,96.775,96.775,96.77
20230721,94.595,94.63,94.905,95.27,95.675,96.02,96.26,96.41,96.5,96.565,96.615,96.65,96.675,96.685,96.69,96.685
20230724,94.595,94.65,94.92,95.285,95.69,96.04,96.295,96.45,96.545,96.615,96.665,96.7,96.725,96.74,96.74,96.735
20230725,94.58,94.61,94.84,95.175,95.56,95.9,96.145,96.295,96.39,96.46,96.515,96.555,96.59,96.605,96.615,96.615
20230726,94.57,94.6,94.855,95.205,95.585,95.92,96.16,96.31,96.4,96.475,96.535,96.575,96.61,96.625,96.635,96.635
20230727,94.57,94.62,94.875,95.24,95.64,95.985,96.235,96.39,96.485,96.55,96.605,96.645,96.675,96.685,96.69,96.68
20230728,94.585,94.62,94.835,95.165,95.545,95.88,96.125,96.275,96.37,96.44,96.495,96.535,96.565,96.575,96.58,96.57
20230731,94.59,94.63,94.84,95.155,95.525,95.85,96.1,96.265,96.36,96.425,96.485,96.52,96.545,96.555,96.555,96.5525205479
20230801,94.585,94.63,94.85,95.175,95.55,95.885,96.14,96.3,96.395,96.46,96.515,96.545,96.565,96.575,96.575,96.565
20230802,94.595,94.645,94.885,95.215,95.59,95.91,96.155,96.32,96.405,96.465,96.505,96.535,96.555,96.56,96.555,96.545
20230803,94.585,94.63,94.855,95.18,95.535,95.85,96.085,96.245,96.32,96.36,96.395,96.415,96.42,96.42,96.415,96.395
20230804,94.58,94.6,94.82,95.14,95.5,95.805,96.045,96.195,96.265,96.3,96.33,96.35,96.365,96.365,96.355,96.34
20230807,94.59,94.625,94.88,95.23,95.625,95.945,96.185,96.34,96.405,96.44,96.47,96.49,96.495,96.495,96.48,96.455
20230808,94.605,94.66,94.96,95.34,95.755,96.085,96.325,96.47,96.535,96.57,96.595,96.615,96.62,96.615,96.605,96.58
20230809,94.6,94.645,94.915,95.295,95.71,96.05,96.295,96.44,96.51,96.54,96.57,96.585,96.595,96.59,96.58,96.555
20230810,94.595,94.64,94.895,95.27,95.68,96.03,96.27,96.42,96.495,96.53,96.56,96.585,96.6,96.6,96.59,96.575
20230811,94.61,94.655,94.895,95.245,95.63,95.965,96.2,96.34,96.405,96.435,96.46,96.48,96.49,96.485,96.475,96.455
20230814,94.5925,94.615,94.84,95.175,95.55,95.87,96.09,96.225,96.29,96.33,96.36,96.38,96.395,96.395,96.39,96.37
20230815,94.59,94.6,94.785,95.085,95.435,95.74,95.96,96.105,96.175,96.21,96.245,96.27,96.285,96.29,96.285,96.275
20230816,94.5975,94.62,94.825,95.145,95.51,95.825,96.05,96.19,96.26,96.29,96.32,96.34,96.355,96.36,96.355,96.34
20230817,94.585,94.595,94.775,95.075,95.43,95.735,95.95,96.08,96.135,96.16,96.18,96.19,96.2,96.195,96.185,96.175
20230818,94.5975,94.625,94.83,95.14,95.5,95.8,96.01,96.14,96.195,96.22,96.24,96.26,96.2665456081,96.27,96.265046875,96.255
20230821,94.5925,94.6,94.79,95.09,95.44,95.74,95.95,96.075,96.135,96.165,96.18,96.2,96.205,96.205,96.2,96.185
20230822,94.58,94.58,94.765,95.06,95.405,95.705,95.92,96.05,96.11,96.135,96.155,96.17,96.18,96.18,96.175,96.165
20230823,94.585,94.58,94.755,95.04,95.385,95.69,95.915,96.05,96.12,96.155,96.185,96.21,96.225,96.23,96.23,96.225
20230824,94.58,94.575,94.76,95.06,95.42,95.735,95.96,96.095,96.165,96.2,96.23,96.255,96.275,96.28,96.285,96.28
20230825,94.555,94.54,94.69,94.975,95.33,95.66,95.905,96.065,96.135,96.17,96.19,96.215,96.225,96.235,96.235,96.235
20230828,94.54,94.5,94.615,94.88,95.235,95.59,95.86,96.035,96.125,96.165,96.195,96.22,96.24,96.25,96.26,96.26
20230829,94.5375,94.51,94.65,94.92,95.285,95.65,95.94,96.115,96.205,96.24,96.26,96.285,96.3,96.31,96.31,96.305
20230830,94.57,94.56,94.735,95.03,95.4,95.755,96.04,96.215,96.295,96.33,96.35,96.37,96.385,96.39,96.39,96.375
20230831,94.58,94.58,94.785,95.1,95.475,95.825,96.095,96.265,96.355,96.395,96.42,96.435,96.45,96.455,96.45,96.44
20230901,94.5825,94.59,94.795,95.115,95.495,95.835,96.11,96.28,96.365,96.405,96.43,96.45,96.455,96.46,96.455,96.44
20230904,94.6,94.595,94.77,95.06,95.42,95.765,96.04,96.21,96.295,96.335,96.355,96.37,96.38,96.38,96.37,96.35
20230905,94.5925,94.585,94.76,95.04,95.4,95.735,96.005,96.175,96.255,96.295,96.315,96.335,96.34,96.345,96.33,96.315
20230906,94.5875,94.57,94.73,95.01,95.365,95.705,95.985,96.155,96.245,96.29,96.31,96.33,96.335,96.34,96.325,96.31
20230907,94.5775,94.55,94.695,94.955,95.295,95.63,95.905,96.08,96.17,96.215,96.24,96.265,96.28,96.29,96.285,96.275
20230908,94.59,94.56,94.715,94.985,95.34,95.69,95.98,96.155,96.245,96.28,96.3,96.315,96.325,96.325,96.32,96.305
20230911,94.585,94.56,94.695,94.945,95.28,95.62,95.895,96.08,96.17,96.21,96.235,96.25,96.265,96.265,96.26,96.25
20230912,94.58,94.54,94.685,94.95,95.28,95.62,95.895,96.08,96.17,96.205,96.23,96.245,96.26,96.265,96.265,96.255
20230913,94.5825,94.54,94.665,94.895,95.22,95.555,95.835,96.02,96.115,96.165,96.195,96.215,96.235,96.245,96.245,96.2401977519
20230914,94.59,94.545,94.68,94.94,95.28,95.62,95.905,96.095,96.19,96.23,96.26,96.275,96.295,96.3,96.3,96.29
20230915,94.6,94.535,94.645,94.865,95.18,95.515,95.805,95.995,96.105,96.16,96.19,96.215,96.23,96.24,96.24,96.225
20230918,94.6025,94.535,94.62,94.835,95.145,95.48,95.77,95.965,96.075,96.13,96.165,96.19,96.21,96.225,96.22,96.215
20230919,94.535,94.635,94.855,95.15,95.485,95.775,95.98,96.09,96.155,96.19,96.22,96.235,96.25,96.25,96.245,96.23
20230920,94.54,94.635,94.84,95.13,95.46,95.74,95.935,96.045,96.1,96.14,96.17,96.195,96.21,96.215,96.21,96.2
20230921,94.515,94.59,94.755,95.015,95.325,95.6,95.8,95.925,95.995,96.035,96.065,96.09,96.11,96.11,96.105,96.095
20230922,94.525,94.6,94.76,95.015,95.325,95.61,95.805,95.93,95.99,96.02,96.045,96.065,96.075,96.0672590463,96.06,96.04
20230925,94.53,94.615,94.79,95.055,95.365,95.65,95.85,95.96,96.02,96.045,96.06,96.075,96.08,96.07,96.05,96.03
20230926,94.535,94.62,94.795,95.055,95.365,95.655,95.865,95.985,96.04,96.065,96.08,96.085,96.085,96.075,96.06,96.03
20230927,94.545,94.62,94.805,95.07,95.385,95.67,95.875,95.99,96.045,96.065,96.08,96.085,96.085,96.075,96.055,96.035
20230928,94.525,94.58,94.76,95.005,95.295,95.555,95.735,95.84,95.895,95.915,95.935,95.94,95.94,95.925,95.91,95.885
20230929,94.55,94.635,94.83,95.105,95.425,95.705,95.89,95.995,96.045,96.065,96.07,96.07,96.065,96.05,96.025,95.989762901
20231002,94.52,94.58,94.755,95.02,95.33,95.615,95.81,95.915,95.96,95.98,95.985,95.985,95.98,95.96,95.935,95.9
20231003,94.52,94.585,94.76,95.005,95.3,95.575,95.755,95.855,95.89,95.905,95.91,95.905,95.895,95.875,95.845,95.81
20231004,94.52,94.605,94.785,95.02,95.295,95.54,95.695,95.765,95.785,95.78,95.775,95.765,95.75,95.725,95.695,95.66
20231005,94.555,94.67,94.875,95.135,95.43,95.69,95.855,95.93,95.955,95.95,95.935,95.92,95.9,95.87,95.83,95.7869403893
20231006,94.555,94.665,94.87,95.12,95.42,95.67,95.83,95.905,95.93,95.92,95.91,95.895,95.875,95.845,95.81,95.77
20231009,94.555,94.67,94.885,95.16,95.46,95.715,95.87,95.945,95.965,95.96,95.945,95.93,95.915,95.88,95.845,95.8
20231010,94.575,94.7,94.915,95.195,95.495,95.75,95.91,95.985,96.01,96.005,96.0,95.985,95.965,95.935,95.8950298954,95.855
20231011,94.58,94.715,94.945,95.23,95.535,95.805,95.975,96.065,96.095,96.1,96.095,96.09,96.08,96.055,96.025,95.99
20231012,94.575,94.7,94.915,95.18,95.48,95.75,95.925,96.015,96.055,96.07,96.07,96.07,96.065,96.045,96.02,95.985
20231013,94.56,94.67,94.88,95.14,95.43,95.7,95.875,95.965,96.0,96.015,96.02,96.015,96.01,95.99,95.955,95.92
20231016,94.55,94.655,94.85,95.1,95.38,95.64,95.815,95.9,95.93,95.94,95.94,95.94,95.935,95.91,95.88,95.845
20231017,94.545,94.64,94.83,95.065,95.325,95.57,95.735,95.815,95.85,95.855,95.86,95.86,95.855,95.835,95.805,95.775
20231018,94.525,94.6,94.79,95.015,95.255,95.48,95.625,95.705,95.74,95.755,95.76,95.765,95.765,95.755,95.73,95.705
20231019,94.52,94.585,94.755,94.96,95.18,95.38,95.5,95.565,95.59,95.6,95.605,95.605,95.6,95.59,95.57,95.54
20231020,94.56,94.635,94.825,95.05,95.27,95.47,95.595,95.655,95.665,95.655,95.645,95.635,95.62,95.6,95.575,95.55
20231023,94.565,94.65,94.845,95.09,95.32,95.52,95.64,95.69,95.68,95.66,95.64,95.61,95.585,95.55,95.52,95.48
20231024,94.56,94.645,94.865,95.13,95.39,95.61,95.745,95.805,95.815,95.805,95.785,95.765,95.745,95.71,95.675,95.64
20231025,94.55,94.62,94.825,95.085,95.34,95.56,95.695,95.76,95.775,95.77,95.76,95.745,95.725,95.7,95.67,95.635
20231026,94.555,94.62,94.815,95.055,95.295,95.5,95.63,95.69,95.7,95.69,95.675,95.655,95.64,95.605,95.57,95.535
20231027,94.575,94.665,94.88,95.14,95.39,95.615,95.755,95.825,95.84,95.825,95.805,95.785,95.76,95.72,95.685,95.645
20231030,94.575,94.66,94.88,95.135,95.395,95.62,95.76,95.835,95.845,95.83,95.81,95.78,95.755,95.715,95.68,95.635
20231031,94.57,94.66,94.89,95.16,95.43,95.67,95.83,95.905,95.92,95.905,95.89,95.865,95.84,95.805,95.77,95.73
20231101,94.555,94.625,94.83,95.09,95.36,95.595,95.76,95.84,95.855,95.845,95.82,95.8,95.775,95.735,95.695,95.655
20231102,94.595,94.7,94.95,95.24,95.53,95.79,95.96,96.045,96.065,96.06,96.04,96.02,96.0,95.965,95.92,95.88
20231103,94.57,94.665,94.91,95.195,95.475,95.72,95.895,95.99,96.025,96.03,96.035,96.02,96.005,95.975,95.945,95.91
20231106,94.615,94.76,95.03,95.34,95.625,95.87,96.035,96.12,96.14,96.14,96.13,96.115,96.095,96.065,96.03,95.99
20231107,94.625,94.755,95.005,95.31,95.595,95.845,96.02,96.11,96.14,96.145,96.135,96.125,96.105,96.075,96.04,96.0
20231108,94.615,94.725,94.965,95.255,95.545,95.8,95.975,96.07,96.1,96.1,96.1,96.09,96.08,96.055,96.03,95.995
20231109,94.61,94.71,94.95,95.245,95.555,95.825,96.01,96.105,96.135,96.14,96.14,96.135,96.125,96.11,96.085,96.055
20231110,94.6,94.675,94.9,95.17,95.45,95.71,95.89,95.99,96.025,96.025,96.025,96.02,96.005,95.99,95.96,95.93
20231113,94.58,94.64,94.86,95.13,95.41,95.665,95.85,95.95,95.99,96.0,96.005,96.0,95.995,95.985,95.965,95.935
20231114,94.575,94.64,94.87,95.15,95.435,95.695,95.87,95.97,96.0,96.005,96.005,96.0,95.995,95.98,95.96,95.93
20231115,94.635,94.785,95.065,95.37,95.67,95.925,96.1,96.19,96.21,96.21,96.2,96.19,96.18,96.155,96.13,96.1
20231116,94.6225,94.76,95.015,95.315,95.61,95.87,96.05,96.15,96.18,96.18,96.175,96.17,96.16,96.14,96.115,96.08
20231117,94.63,94.79,95.08,95.395,95.715,95.99,96.185,96.28,96.315,96.315,96.31,96.3,96.29,96.27,96.24,96.21
20231120,94.62,94.75,95.0,95.285,95.59,95.865,96.06,96.165,96.215,96.215,96.21,96.2,96.195,96.175,96.15,96.12
20231121,94.615,94.75,94.985,95.275,95.59,95.875,96.08,96.205,96.25,96.26,96.265,96.26,96.255,96.245,96.22,96.195
20231122,94.6125,94.75,94.99,95.285,95.61,95.905,96.125,96.25,96.3,96.305,96.3,96.2952215134,96.285,96.27,96.245,96.215
20231123,94.6025,94.72,94.955,95.235,95.555,95.85,96.07,96.195,96.24,96.245,96.235,96.225,96.215,96.2,96.175,96.15
20231124,94.6025,94.715,94.945,95.23,95.54,95.83,96.045,96.165,96.21,96.21,96.2,96.19,96.18,96.16,96.14,96.115
20231127,94.6,94.715,94.94,95.215,95.525,95.815,96.04,96.17,96.215,96.215,96.21,96.2,96.19,96.175,96.15,96.13
20231128,94.6025,94.71,94.935,95.23,95.555,95.865,96.1,96.235,96.29,96.295,96.29,96.285,96.28,96.265,96.245,96.22
20231129,94.6225,94.805,95.095,95.43,95.78,96.09,96.31,96.435,96.48,96.475,96.465,96.45,96.435,96.41,96.38,96.345
20231130,94.6225,94.825,95.16,95.525,95.865,96.155,96.36,96.46,96.49,96.48,96.4578207992,96.44,96.425,96.405,96.375,96.34
20231201,94.63,94.845,95.17,95.52,95.84,96.12,96.315,96.42,96.45,96.44,96.425,96.405,96.39,96.37,96.335,96.305
20231204,94.6375,94.89,95.245,95.625,95.96,96.24,96.41,96.505,96.525,96.505,96.485,96.465,96.445,96.425,96.39,96.36
20231205,94.6225,94.875,95.235,95.615,95.945,96.2221022856,96.405,96.5,96.525,96.51,96.49,96.465,96.45,96.425,96.395,96.365
20231206,94.6175,94.865,95.22,95.585,95.93,96.225,96.43,96.535,96.57,96.56,96.54,96.52,96.505,96.48,96.45,96.42
20231207,94.635,94.88,95.225,95.585,95.93,96.235,96.45,96.565,96.605,96.6,96.585,96.57,96.555,96.53,96.505,96.475
20231208,94.6275,94.87,95.215,95.565,95.905,96.2,96.41,96.52,96.56,96.555,96.545,96.53,96.515,96.495,96.465,96.44
20231211,94.6175,94.795,95.095,95.425,95.75,96.04,96.255,96.385,96.435,96.44,96.435,96.43,96.42,96.405,96.38,96.36
20231212,94.61,94.815,95.145,95.49,95.825,96.115,96.325,96.45,96.495,96.5,96.495,96.485,96.475,96.465,96.445,96.425
20231213,94.6125,94.795,95.11,95.445,95.77,96.06,96.28,96.42,96.48,96.495,96.495,96.49,96.485,96.475,96.455,96.435
20231214,94.6325,95.005,95.48,95.88,96.235,96.525,96.71,96.805,96.825,96.81,96.79,96.775,96.755,96.735,96.705,96.675
20231215,94.6275,94.96,95.405,95.81,96.18,96.485,96.69,96.79,96.815,96.805,96.785,96.765,96.75,96.73,96.705,96.685
20231218,94.625,94.945,95.37,95.77,96.135,96.44,96.655,96.77,96.81,96.805,96.79,96.78,96.765,96.75,96.725,96.705
20231219,94.935,95.36,95.755,96.12,96.42,96.62,96.725,96.77,96.77,96.76,96.75,96.75,96.735,96.715,96.695,96.67
20231220,94.98,95.435,95.84,96.19,96.48,96.68,96.78,96.815,96.805,96.795,96.78,96.77,96.755,96.73,96.705,96.68
20231221,94.975,95.44,95.845,96.185,96.475,96.675,96.78,96.82,96.815,96.805,96.795,96.785,96.765,96.745,96.72,96.695
20231222,95.0,95.495,95.91,96.26,96.545,96.74,96.84,96.865,96.86,96.845,96.825,96.815,96.795,96.77,96.745,96.72
20231225,95.0,95.495,95.91,96.26,96.545,96.74,96.84,96.865,96.86,96.845,96.825,96.815,96.795,96.77,96.745,96.72
20231226,95.01,95.505,95.905,96.245,96.525,96.72,96.825,96.855,96.85,96.83,96.81,96.795,96.775,96.745,96.715,96.685
20231227,94.995,95.47,95.88,96.235,96.53,96.73,96.835,96.865,96.86,96.84,96.825,96.81,96.785,96.76,96.73,96.7
20231228,95.0,95.475,95.895,96.26,96.565,96.775,96.885,96.92,96.915,96.9,96.885,96.875,96.85,96.825,96.795,96.765
20231229,94.99,95.445,95.85,96.21,96.515,96.72,96.835,96.875,96.87,96.855,96.84,96.825,96.8,96.77,96.74,96.705
20240101,94.99,95.445,95.85,96.21,96.515,96.72,96.835,96.875,96.87,96.855,96.84,96.825,96.8,96.77,96.74,96.705
20240102,94.985,95.445,95.86,96.225,96.525,96.735,96.84,96.87,96.865,96.84,96.82,96.805,96.775,96.745,96.71,96.675
20240103,94.95,95.39,95.795,96.15,96.445,96.645,96.755,96.79,96.785,96.77,96.755,96.745,96.73,96.705,96.68,96.65
20240104,94.93,95.365,95.785,96.15,96.46,96.67,96.78,96.815,96.805,96.785,96.77,96.755,96.735,96.705,96.68,96.65
20240105,94.91,95.3,95.685,96.025,96.315,96.52,96.635,96.675,96.675,96.655,96.645,96.635,96.615,96.59,96.57,96.54
20240108,94.92,95.33,95.72,96.065,96.355,96.555,96.665,96.7,96.69,96.67,96.655,96.645,96.625,96.595,96.57,96.545
20240109,94.91,95.33,95.72,96.07,96.36,96.56,96.67,96.71,96.695,96.675,96.655,96.63,96.61,96.58,96.55,96.52
20240110,94.925,95.36,95.76,96.105,96.4,96.6,96.71,96.75,96.74,96.72,96.7,96.685,96.665,96.635,96.61,96.5787278037
20240111,94.93,95.37,95.77,96.115,96.41,96.61,96.72,96.755,96.745,96.725,96.71,96.695,96.675,96.65,96.625,96.59
20240112,94.955,95.445,95.87,96.22,96.505,96.685,96.775,96.795,96.78,96.75,96.73,96.71,96.69,96.66,96.63,96.595
20240115,94.98,95.535,95.975,96.325,96.595,96.77,96.845,96.85,96.825,96.785,96.755,96.73,96.7,96.665,96.625,96.585
20240116,94.965,95.5,95.94,96.29,96.555,96.73,96.805,96.815,96.785,96.75,96.72,96.69,96.66,96.62,96.585,96.55
20240117,94.925,95.4,95.83,96.19,96.475,96.665,96.75,96.765,96.735,96.695,96.665,96.635,96.605,96.57,96.535,96.495
20240118,94.91,95.36,95.77,96.12,96.405,96.59,96.68,96.705,96.68,96.645,96.62,96.595,96.565,96.53,96.5,96.465
20240119,94.895,95.335,95.74,96.085,96.355,96.54,96.625,96.64,96.61,96.575,96.545,96.52,96.49,96.455,96.42,96.385
20240122,94.86,95.28,95.685,96.04,96.315,96.5,96.605,96.625,96.615,96.585,96.565,96.545,96.52,96.485,96.455,96.425
20240123,94.85,95.255,95.66,96.015,96.3,96.495,96.595,96.63,96.615,96.585,96.56,96.54,96.51,96.475,96.445,96.415
20240124,94.875,95.295,95.71,96.065,96.35,96.545,96.65,96.68,96.665,96.63,96.6,96.575,96.545,96.51,96.475,96.44
20240125,94.855,95.275,95.685,96.035,96.31,96.495,96.59,96.615,96.595,96.56,96.535,96.505,96.48,96.445,96.41,96.375
20240126,94.87,95.315,95.745,96.095,96.375,96.565,96.665,96.69,96.665,96.63,96.595,96.57,96.535,96.5,96.465,96.425
20240129,94.885,95.31,95.715,96.065,96.345,96.545,96.65,96.685,96.67,96.64,96.61,96.585,96.555,96.52,96.485,96.45
20240130,94.87,95.295,95.71,96.065,96.36,96.56,96.67,96.7,96.69,96.655,96.63,96.605,96.58,96.545,96.515,96.485
20240131,94.865,95.275,95.675,96.03,96.325,96.53,96.65,96.695,96.69,96.67,96.65,96.635,96.61,96.58,96.555,96.525
20240201,94.87,95.345,95.77,96.14,96.445,96.655,96.775,96.815,96.81,96.78,96.75,96.73,96.705,96.675,96.645,96.615
20240202,94.87,95.335,95.765,96.135,96.445,96.66,96.785,96.835,96.835,96.81,96.79,96.775,96.75,96.725,96.7,96.675
20240205,94.775,95.13,95.52,95.88,96.185,96.405,96.54,96.595,96.605,96.585,96.57,96.555,96.535,96.51,96.485,96.465
20240206,94.775,95.13,95.515,95.865,96.155,96.365,96.485,96.54,96.54,96.52,96.5,96.485,96.465,96.44,96.42,96.39
20240207,94.785,95.17,95.565,95.91,96.205,96.415,96.54,96.595,96.595,96.57,96.55,96.54,96.52,96.5,96.475,96.45
20240208,94.79,95.165,95.55,95.895,96.185,96.395,96.52,96.57,96.575,96.555,96.535,96.525,96.51,96.485,96.465,96.44
20240209,94.775,95.13,95.505,95.845,96.125,96.335,96.455,96.505,96.505,96.485,96.465,96.45,96.435,96.41,96.39,96.365
20240212,94.775,95.125,95.495,95.84,96.12,96.33,96.455,96.51,96.51,96.495,96.47,96.46,96.44,96.42067912488605,96.4,96.375
20240213,94.77,95.11,95.475,95.82,96.105,96.315,96.44,96.505,96.51,96.49,96.47,96.455,96.44,96.42,96.4,96.37
20240214,94.725,94.98,95.305,95.635,95.92,96.13,96.265,96.33,96.34,96.325,96.315,96.305,96.295,96.28,96.265,96.25
20240215,94.725,95.005,95.345,95.68,95.965,96.175,96.31,96.38,96.39,96.375,96.365,96.355,96.35,96.335,96.32,96.3
20240216,94.72,94.975,95.3,95.63,95.915,96.125,96.26,96.335,96.355,96.34,96.33,96.325,96.315,96.3,96.285,96.265
20240219,94.7125,94.96,95.27,95.59,95.86,96.07,96.215,96.295,96.32,96.31,96.3,96.29,96.285,96.27,96.255,96.24
20240220,94.7125,94.975,95.3,95.625,95.9,96.115,96.265,96.345,96.365,96.355,96.345,96.335,96.325,96.31,96.295,96.275
20240221,94.715,94.98,95.315,95.645,95.925,96.145,96.29,96.37,96.385,96.37,96.36,96.355,96.34,96.325,96.305,96.29
20240222,94.7025,94.935,95.245,95.56,95.83,96.05,96.205,96.29,96.315,96.31,96.3,96.295,96.285,96.275,96.26,96.245
20240223,94.69,94.885,95.165,95.47,95.735,95.955,96.115,96.215,96.25,96.245,96.245,96.24,96.24,96.23,96.22,96.21
20240226,94.685,94.89,95.195,95.515,95.795,96.02,96.19,96.29,96.335,96.345,96.345,96.35,96.355,96.35,96.34,96.33
20240227,94.6725,94.88,95.165,95.48,95.76,95.995,96.165,96.27,96.32,96.335,96.345,96.35,96.355,96.355,96.345,96.335
20240228,94.6775,94.875,95.16,95.47,95.75,95.98,96.155,96.255,96.305,96.32,96.325,96.33,96.335,96.325,96.325,96.305
20240229,94.6775,94.87,95.155,95.46,95.74,95.97,96.14,96.24,96.28,96.295,96.295,96.3,96.3,96.295,96.285,96.275
20240301,94.6975,94.935,95.245,95.565,95.85,96.08,96.24,96.335,96.375,96.385,96.38,96.385,96.38,96.375,96.36,96.345
20240304,94.6975,94.945,95.26,95.58,95.875,96.115,96.28,96.375,96.42,96.425,96.425,96.425,96.42,96.41,96.39,96.375
20240305,94.6925,94.915,95.225,95.545,95.84,96.08,96.255,96.355,96.41,96.43,96.435,96.44,96.44,96.435,96.42,96.405
20240306,94.6925,94.92,95.23,95.555,95.85,96.095,96.275,96.38,96.435,96.455,96.46,96.47,96.47,96.46,96.45,96.43
20240307,94.6875,94.925,95.24,95.565,95.865,96.11,96.295,96.41,96.47,96.5,96.51,96.52,96.525,96.515,96.505,96.49
20240308,94.7025,94.96,95.29,95.625,95.93,96.185,96.365,96.475,96.535,96.56,96.565,96.57,96.57,96.555,96.54,96.52
20240311,94.695,94.955,95.295,95.64,95.955,96.205,96.385,96.495,96.545,96.56,96.57,96.57,96.57,96.56,96.54,96.525
20240312,94.6825,94.925,95.255,95.6,95.91,96.16,96.345,96.455,96.51,96.535,96.545,96.555,96.555,96.545,96.53,96.515
20240313,94.67,94.88,95.185,95.505,95.805,96.055,96.24,96.36,96.425,96.455,96.475,96.48,96.485,96.475,96.465,96.45
20240314,94.67,94.885,95.175,95.485,95.77,96.01,96.195,96.315,96.385,96.42,96.44,96.455,96.455,96.45,96.435,96.42
20240315,94.6675,94.86,95.145,95.44,95.7,95.915,96.085,96.19,96.255,96.285,96.305,96.32,96.33,96.33,96.325,96.31
20240318,94.6675,94.855,95.13,95.41,95.66,95.865,96.03,96.135,96.195,96.23,96.255,96.275,96.29,96.29,96.28,96.275
20240319,94.845,95.12,95.405,95.655,95.865,96.025,96.13,96.195,96.23,96.25,96.27,96.28,96.28,96.275,96.265,96.255
20240320,94.86,95.13,95.425,95.695,95.915,96.085,96.195,96.25,96.28,96.305,96.315,96.325,96.325,96.32,96.305,96.295
20240321,94.905,95.225,95.54,95.815,96.04,96.205,96.3,96.35,96.37,96.385,96.385,96.39,96.38,96.365,96.35,96.33
20240322,94.9,95.205,95.5,95.765,95.98,96.145,96.25,96.305,96.335,96.355,96.36,96.365,96.36,96.345,96.33,96.315
20240325,94.9,95.195,95.495,95.76,95.98,96.15,96.255,96.315,96.345,96.365,96.37,96.37,96.365,96.355,96.34,96.325
20240326,94.89,95.18,95.475,95.745,95.97,96.145,96.255,96.32,96.35,96.365,96.375,96.38,96.37,96.36,96.345,96.33
20240327,94.885,95.165,95.455,95.73,95.955,96.135,96.25,96.32,96.35,96.375,96.375,96.375,96.37,96.355,96.34,96.325
20240328,94.855,95.125,95.425,95.695,95.92,96.105,96.225,96.3,96.345,96.375,96.39,96.4,96.395,96.385,96.37,96.355
20240329,94.855,95.125,95.425,95.695,95.92,96.105,96.225,96.3,96.345,96.375,96.39,96.4,96.395,96.385,96.37,96.355
20240401,94.865,95.145,95.44,95.71,95.945,96.13,96.25,96.325,96.375,96.4,96.42,96.425,96.42,96.405,96.39,96.37
20240402,94.835,95.07,95.34,95.59,95.81,95.98,96.1,96.17,96.21,96.235,96.255,96.26,96.26,96.25,96.235,96.225
20240403,94.84,95.08,95.36,95.61,95.825,95.995,96.11,96.175,96.21,96.235,96.25,96.255,96.255,96.24,96.225,96.21
20240404,94.845,95.1,95.375,95.63,95.84,96.01,96.12,96.185,96.22,96.24,96.26,96.265,96.265,96.25,96.235,96.225
20240405,94.875,95.125,95.4,95.645,95.86,96.025,96.135,96.2,96.235,96.26,96.275,96.28,96.28,96.265,96.25,96.24
20240408,94.825,95.05,95.295,95.52,95.71,95.865,95.975,96.045,96.09,96.13,96.155,96.165,96.17,96.16,96.145,96.135
20240409,94.82,95.045,95.3,95.53,95.725,95.88,95.99,96.065,96.12,96.16,96.185,96.205,96.21,96.21,96.2,96.195
20240410,94.84,95.08,95.34,95.565,95.755,95.905,96.015,96.09,96.14,96.18,96.205,96.225,96.235,96.23,96.225,96.215
20240411,94.725,94.88,95.08,95.27,95.455,95.615,95.73,95.815,95.875,95.93,95.975,96.015,96.045,96.06,96.065,96.06
20240412,94.75,94.91,95.105,95.305,95.485,95.65,95.77,95.85,95.905,95.95,95.99,96.025,96.045,96.055,96.06,96.06
20240415,94.745,94.9,95.085,95.275,95.455,95.615,95.73,95.815,95.87,95.915,95.955,95.99,96.01,96.025,96.03,96.025
20240416,94.735,94.895,95.075,95.27,95.445,95.6,95.71,95.78,95.825,95.865,95.895,95.92,95.935,95.94,95.94,95.935
20240417,94.73,94.885,95.07,95.26,95.435,95.58,95.685,95.76,95.81,95.85,95.88,95.905,95.92,95.925,95.93,95.925
20240418,94.735,94.9,95.1,95.295,95.475,95.635,95.745,95.825,95.88,95.925,95.96,95.985,96.0,96.005,96.005,96.0
20240419,94.745,94.895,95.075,95.26,95.44,95.595,95.715,95.79,95.85,95.9,95.935,95.965,95.985,95.995,95.995,95.995
20240422,94.73,94.875,95.04,95.215,95.38,95.535,95.645,95.715,95.77,95.81,95.845,95.875,95.895,95.905,95.91,95.91
20240423,94.725,94.87,95.045,95.225,95.395,95.55,95.66,95.74,95.795,95.845,95.885,95.915,95.935,95.945,95.95,95.95
20240424,94.73,94.89,95.075,95.26,95.43,95.58,95.685,95.755,95.805,95.845,95.88,95.905,95.92,95.93,95.93,95.93
20240425,94.735,94.9,95.08,95.27,95.45,95.6,95.705,95.78,95.825,95.855,95.885,95.91,95.92,95.925,95.92,95.915
20240426,94.705,94.84,95.0,95.175,95.345,95.5,95.61,95.69,95.74,95.775,95.81,95.84,95.855,95.865,95.87,95.865
20240429,94.715,94.86,95.02,95.2,95.375,95.53,95.65,95.74,95.795,95.845,95.88,95.91,95.93,95.94,95.945,95.94
20240430,94.71,94.845,95.005,95.185,95.365,95.52,95.645,95.73,95.795,95.84,95.88,95.91,95.93,95.94,95.945,95.94
20240501,94.68,94.79,94.935,95.11,95.285,95.45,95.58,95.675,95.735,95.785,95.825,95.855,95.88,95.89,95.89,95.89
20240502,94.7,94.84,95.025,95.225,95.415,95.58,95.705,95.79,95.85,95.89,95.925,95.955,95.97,95.975,95.975,95.97
20240503,94.715,94.87,95.075,95.295,95.49,95.66,95.78,95.86,95.905,95.94,95.98,96.005,96.02,96.025,96.025,96.015
20240506,94.72,94.92,95.17,95.42,95.635,95.805,95.915,95.985,96.03,96.06,96.09,96.11,96.125,96.125,96.12,96.115
20240507,94.715,94.91,95.145,95.395,95.605,95.78,95.9,95.98,96.03,96.06,96.095,96.12,96.14,96.145,96.145,96.14
20240508,94.705,94.89,95.12,95.365,95.58,95.745,95.87,95.955,96.005,96.04,96.075,96.1,96.115,96.125,96.125,96.12
20240509,94.71,94.895,95.11,95.345,95.55,95.72,95.835,95.915,95.965,95.995,96.03,96.05,96.065,96.075,96.07,96.07
20240510,94.715,94.905,95.14,95.38,95.59,95.755,95.875,95.955,96.01,96.05,96.08,96.11,96.125,96.13,96.13,96.125
20240513,94.7,94.885,95.105,95.34,95.545,95.715,95.835,95.925,95.98,96.02,96.055,96.085,96.1,96.11,96.11,96.105
20240514,94.6975,94.88,95.11,95.35,95.56,95.73,95.86,95.95,96.005,96.045,96.075,96.105,96.12,96.125,96.12,96.11
20240515,94.7,94.895,95.13,95.38,95.6,95.78,95.91,96.005,96.07,96.11,96.145,96.17,96.185,96.185,96.185,96.175
20240516,94.7,94.915,95.175,95.45,95.69,95.875,96.01,96.1,96.16,96.2,96.23,96.25,96.26,96.26,96.255,96.245
20240517,94.695,94.885,95.125,95.385,95.615,95.8,95.935,96.035,96.1,96.14,96.17,96.195,96.21,96.215,96.21,96.2
20240520,94.6925,94.875,95.105,95.355,95.585,95.765,95.9,96.0,96.065,96.105,96.14,96.17,96.185,96.19,96.185,96.175
20240521,94.685,94.865,95.095,95.34,95.565,95.75,95.89,95.995,96.06,96.11,96.145,96.17,96.185,96.19,96.185,96.17
20240522,94.675,94.85,95.07,95.305,95.525,95.71,95.85,95.96,96.03,96.08,96.12,96.15,96.165,96.17,96.165,96.16
20240523,94.6725,94.85,95.075,95.305,95.52,95.705,95.85,95.96,96.04,96.095,96.14,96.17,96.19,96.195,96.195,96.19
20240524,94.6625,94.815,95.015,95.23,95.425,95.61,95.76,95.875,95.96,96.015,96.065,96.1,96.12,96.135,96.14,96.135
20240527,94.66,94.805,95.0,95.21,95.41,95.595,95.75,95.875,95.955,96.015,96.065,96.105,96.13,96.145,96.155,96.16
20240528,94.66,94.81,95.015,95.225,95.43,95.62,95.77,95.885,95.97,96.03,96.075,96.11,96.13,96.145,96.155,96.155
20240529,94.6575,94.79,94.975,95.17,95.365,95.55,95.695,95.81,95.885,95.94,95.98,96.01,96.025,96.035,96.045,96.045
20240530,94.66,94.805,94.99,95.18,95.37,95.545,95.69,95.795,95.865,95.915,95.95,95.98,95.995,96.005,96.01,96.01
20240531,94.665,94.805,94.995,95.185,95.38,95.56,95.705,95.815,95.895,95.945,95.985,96.015,96.035,96.045,96.045,96.04
20240603,94.665,94.83,95.05,95.275,95.485,95.68,95.83,95.935,96.015,96.065,96.1,96.13,96.145,96.155,96.155,96.15
20240604,94.6675,94.86,95.1,95.345,95.565,95.76,95.91,96.02,96.1,96.155,96.195,96.22,96.24,96.245,96.25,96.245
20240605,94.6675,94.865,95.115,95.37,95.595,95.79,95.94,96.055,96.135,96.19,96.235,96.265,96.28,96.29,96.295,96.29
20240606,94.6675,94.89,95.175,95.44,95.67,95.86,96.01,96.12,96.2,96.255,96.295,96.325,96.34,96.35,96.345,96.34
20240607,94.6775,94.885,95.175,95.44,95.675,95.865,96.01,96.12,96.195,96.245,96.285,96.31,96.33,96.335,96.335,96.33
20240610,94.655,94.8,95.04,95.275,95.485,95.67,95.82,95.93,96.01,96.07,96.11,96.14,96.16,96.165,96.17,96.165
20240611,94.6575,94.825,95.085,95.34,95.565,95.755,95.895,96.0,96.075,96.125,96.165,96.19,96.21,96.22,96.22,96.215
20240612,94.6575,94.82,95.075,95.325,95.56,95.755,95.9,96.01,96.085,96.145,96.18,96.21,96.23,96.24,96.245,96.24
20240613,94.6525,94.845,95.13,95.42,95.675,95.88,96.035,96.14,96.215,96.265,96.295,96.315,96.33,96.335,96.335,96.325
20240614,94.6525,94.87,95.21,95.525,95.8,96.01,96.165,96.275,96.345,96.39,96.425,96.445,96.46,96.47,96.47,96.46
20240617,94.645,94.86,95.18,95.49,95.755,95.965,96.12,96.235,96.31,96.36,96.39,96.415,96.435,96.44,96.44,96.435
20240618,94.835,95.13,95.42,95.67,95.875,96.035,96.145,96.225,96.275,96.31,96.34,96.355,96.37,96.37,96.365,96.355
20240619,94.845,95.165,95.475,95.745,95.95,96.11,96.22,96.295,96.35,96.38,96.41,96.425,96.435,96.435,96.43,96.415
20240620,94.84,95.15,95.455,95.715,95.925,96.08,96.195,96.27,96.32,96.355,96.385,96.4,96.415,96.415,96.41,96.4
20240621,94.855,95.17,95.475,95.745,95.955,96.115,96.225,96.305,96.355,96.39,96.415,96.43,96.44,96.44,96.435,96.42
20240624,94.85,95.155,95.46,95.72,95.92,96.075,96.185,96.265,96.315,96.35,96.375,96.39,96.4,96.4,96.395,96.385
20240625,94.855,95.17,95.47,95.73,95.94,96.095,96.21,96.29,96.35,96.39,96.415,96.435,96.45,96.45,96.445,96.44
20240626,94.84,95.13,95.415,95.665,95.86,96.015,96.135,96.215,96.275,96.315,96.345,96.365,96.38,96.385,96.38,96.375
20240627,94.84,95.125,95.4,95.645,95.84,95.99,96.1,96.18,96.235,96.27,96.3,96.315,96.33,96.33,96.325,96.315
20240628,94.85,95.135,95.42,95.66500629647908,95.86,96.01,96.12,96.2,96.255,96.29,96.32,96.34,96.35,96.35,96.35,96.34
20240701,94.84,95.135,95.415,95.655,95.84,95.98,96.075,96.14,96.185,96.215,96.23,96.24,96.25,96.245,96.235,96.225
20240702,94.85,95.135,95.41,95.64,95.82,95.95,96.045,96.11,96.15,96.175,96.195,96.205,96.21,96.21,96.2,96.185
20240703,94.845,95.12,95.39,95.62,95.81,95.955,96.06,96.13,96.175,96.2,96.22,96.235,96.24,96.24,96.23,96.215
20240704,94.865,95.155,95.435,95.68,95.88,96.03,96.135,96.205,96.25,96.28,96.3,96.305,96.305,96.3,96.285,96.27
20240705,94.875,95.17,95.455,95.71,95.91,96.06,96.17,96.24,96.285,96.315,96.335,96.34,96.34,96.33,96.32,96.305
20240708,94.87,95.2,95.52,95.79,95.995,96.14,96.24,96.3,96.34,96.37,96.38,96.39,96.39,96.38,96.365,96.35
20240709,94.88,95.2,95.525,95.795,96.0,96.145,96.24,96.31,96.345,96.37,96.385,96.395,96.395,96.39,96.375,96.36
20240710,94.87,95.205,95.535,95.81,96.02,96.17,96.27,96.335,96.37,96.395,96.41,96.42,96.42,96.41,96.4,96.38
20240711,94.87,95.205,95.53,95.805,96.02,96.165,96.265,96.33,96.37,96.395,96.41,96.42,96.42,96.41,96.4,96.38
20240712,94.93,95.295,95.655,95.95,96.16,96.3,96.395,96.445,96.475,96.49,96.495,96.495,96.49,96.475,96.455,96.435
20240715,94.945,95.35,95.73,96.04,96.245,96.38,96.465,96.51,96.525,96.535,96.53,96.52,96.505,96.485,96.455,96.43
20240716,94.97,95.39,95.775,96.07,96.265,96.4,96.48,96.53,96.55,96.555,96.555,96.545,96.53,96.51,96.485,96.46
20240717,94.945,95.345,95.72,96.015,96.215,96.35,96.44,96.495,96.52,96.535,96.54,96.535,96.525,96.505,96.49,96.465
20240718,94.935,95.34,95.715,96.01,96.215,96.35,96.44,96.49,96.515,96.53,96.53,96.525,96.515,96.5,96.48,96.455
20240719,94.935,95.33,95.705,96.0,96.205,96.335,96.42,96.47,96.495,96.505,96.505,96.5,96.495,96.475,96.455,96.43
20240722,94.925,95.305,95.665,95.945,96.145,96.28,96.365,96.42,96.45,96.465,96.475,96.475,96.47,96.46,96.44,96.42
20240723,94.92,95.305,95.67,95.955,96.16,96.295,96.39,96.445,96.47,96.485,96.495,96.49,96.485,96.47,96.45,96.43
20240724,94.93,95.33,95.705,95.995,96.195,96.33,96.415,96.46,96.485,96.495,96.5,96.495,96.48,96.465,96.44,96.41
20240725,94.98,95.41,95.795,96.095,96.295,96.42,96.5,96.54,96.55,96.555,96.55,96.54,96.525,96.5,96.47,96.44
20240726,94.955,95.355,95.725,96.005,96.2,96.325,96.41,96.465,96.485,96.5,96.505,96.5,96.49,96.47,96.445,96.42
20240729,94.96,95.375,95.77,96.065,96.265,96.4,96.495,96.55,96.575,96.59,96.595,96.59,96.58,96.56,96.535,96.505
20240730,94.95,95.355,95.74,96.03,96.235,96.375,96.465,96.525,96.55,96.57,96.57,96.575,96.56,96.545,96.52,96.495
20240731,94.955,95.375,95.77,96.075,96.28,96.415,96.505,96.56,96.59,96.6,96.605,96.605,96.595,96.58,96.555,96.525
20240801,94.975,95.435,95.865,96.18,96.385,96.52,96.605,96.655,96.68,96.69,96.69,96.685,96.68,96.66,96.635,96.61
20240802,95.075,95.605,96.06,96.37,96.555,96.68,96.755,96.795,96.81,96.81,96.81,96.8,96.785,96.76,96.73,96.7
20240805,95.38,96.07,96.58,96.845,96.97,97.035,97.065,97.075,97.07,97.06,97.04,97.02,96.99,96.955,96.915,96.87
20240806,95.23,95.835,96.295,96.55,96.695,96.785,96.835,96.865,96.87,96.87,96.86,96.845,96.825,96.8,96.77,96.735
20240807,95.175,95.765,96.225,96.505,96.67,96.765,96.81,96.835,96.835,96.83,96.82,96.8,96.78,96.75,96.72,96.68
20240808,95.21,95.84,96.305,96.585,96.745,96.825,96.865,96.875,96.87,96.855,96.84,96.82,96.795,96.76,96.725,96.685
20240809,95.145,95.745,96.195,96.48,96.65,96.745,96.79,96.81,96.81,96.805,96.79,96.77,96.75,96.72,96.69,96.655
20240812,95.13,95.73,96.155,96.435,96.61,96.71,96.765,96.785,96.79,96.785,96.78,96.765,96.75,96.725,96.695,96.665
20240813,95.135,95.745,96.2,96.5,96.685,96.795,96.855,96.875,96.87,96.865,96.855,96.835,96.815,96.79,96.76,96.725
20240814,95.16,95.835,96.33,96.64,96.81,96.905,96.955,96.975,96.97,96.955,96.94,96.92,96.895,96.865,96.83,96.79
20240815,95.105,95.795,96.295,96.595,96.765,96.86,96.91,96.935,96.935,96.93,96.91,96.895,96.87,96.845,96.81,96.775
20240816,95.07,95.69,96.155,96.45,96.625,96.735,96.805,96.845,96.86,96.86,96.86,96.85,96.835,96.81,96.79,96.76
20240819,95.06,95.68,96.145,96.44,96.62,96.73,96.795,96.83,96.84,96.835,96.83,96.82,96.805,96.785,96.765,96.735
20240820,95.0475,95.665,96.14,96.435,96.615,96.72,96.79,96.825,96.84,96.84,96.835,96.825,96.81,96.79,96.77,96.74
20240821,95.0725,95.72,96.215,96.51,96.685,96.79,96.855,96.89,96.9,96.9,96.895,96.885,96.87,96.85,96.825,96.8
20240822,95.0925,95.755,96.265,96.56,96.73,96.83,96.89,96.92,96.925,96.92,96.905,96.89,96.87,96.845,96.815,96.785
20240823,95.065,95.715,96.21,96.51,96.685,96.79,96.86,96.895,96.905,96.895,96.885,96.87,96.855,96.835,96.81,96.78
20240826,95.105,95.81,96.33,96.635,96.81,96.91,96.965,96.995,96.99,96.98,96.96,96.94,96.92,96.89,96.865,96.835
20240827,95.0675,95.74,96.245,96.555,96.735,96.845,96.91,96.945,96.945,96.935,96.915,96.895,96.875,96.85,96.82,96.795
20240828,95.095,95.795,96.31,96.62,96.8,96.9,96.965,96.99,96.99,96.975,96.955,96.935,96.91,96.885,96.86,96.825
20240829,95.09,95.78,96.3,96.615,96.8,96.9,96.96,96.99,96.985,96.965,96.945,96.92,96.895,96.865,96.835,96.805
20240830,95.08,95.75,96.26,96.57,96.75,96.86,96.92,96.945,96.945,96.93,96.915,96.89,96.87,96.845,96.815,96.785
20240902,95.075,95.735,96.24,96.545,96.72,96.825,96.88,96.905,96.905,96.885,96.865,96.84,96.815,96.785,96.755,96.72
20240903,95.08,95.735,96.235,96.54,96.715,96.82,96.88,96.91,96.91,96.895,96.88,96.85,96.83,96.8,96.77,96.74
20240904,95.105,95.79,96.31,96.635,96.815,96.92,96.98,97.0,97.0,96.985,96.965,96.94,96.915,96.89,96.86,96.83
20240905,95.125,95.86,96.42,96.735,96.905,96.995,97.04,97.055,97.045,97.025,97.005,96.98,96.945,96.92,96.89,96.855
20240906,95.13,95.885,96.465,96.79,96.96,97.05,97.095,97.11,97.1,97.08,97.055,97.035,97.01,96.98,96.95,96.92
20240909,95.095,95.9,96.52,96.855,97.015,97.095,97.125,97.13,97.105,97.075,97.045,97.01,96.98,96.94,96.91,96.87
20240910,95.095,95.89,96.51,96.855,97.025,97.11,97.145,97.145,97.125,97.1,97.075,97.045,97.015,96.985,96.955,96.915
20240911,95.1025,95.94,96.605,96.97,97.14,97.215,97.25,97.25,97.225,97.195,97.17,97.14,97.11,97.075,97.04,97.005
20240912,95.05,95.835,96.495,96.865,97.05,97.14,97.175,97.185,97.17,97.15,97.125,97.1,97.07,97.04,97.005,96.97
20240913,95.13,95.945,96.6,96.95,97.11,97.18,97.205,97.205,97.18,97.15,97.125,97.095,97.065,97.03,97.0,96.965
20240916,95.17,95.99,96.645,96.985,97.125,97.18,97.2,97.195,97.17,97.14,97.11,97.08,97.055,97.02,96.99,96.955
20240917,95.975,96.64,96.975,97.105,97.15,97.17,97.17,97.155,97.135,97.11,97.085,97.06,97.035,97.005,96.975,96.945
20240918,95.945,96.57,96.905,97.04,97.1,97.115,97.12,97.11,97.09,97.075,97.05,97.025,97.0,96.97,96.945,96.915
20240919,96.0,96.605,96.925,97.06,97.105,97.115,97.11,97.09,97.065,97.035,97.005,96.98,96.95,96.925,96.895,96.865
20240920,96.0,96.585,96.9,97.035,97.08,97.085,97.08,97.055,97.02,96.995,96.965,96.935,96.91,96.88,96.85,96.82
20240923,96.045,96.635,96.945,97.07,97.1,97.1,97.08,97.05,97.015,96.98,96.945,96.915,96.885,96.855,96.825,96.795
20240924,96.035,96.615,96.925,97.05,97.08,97.075,97.055,97.02,96.985,96.945,96.91,96.88,96.85,96.815,96.785,96.75