20130101,0,0
20130102,0,0
20130103,1.617,1.61645
20130104,1.6018,1.6012
20130107,1.6055,1.60485
20130108,1.6083,1.60765
20130109,1.6054,1.6049
20130110,1.6044,1.6039
20130111,1.6113,1.6104
20130114,1.6106,1.6103
20130115,1.6055,1.6049
20130116,1.6041,1.60345
20130117,1.6016,1.60095
20130118,1.5932,1.59245
20130121,1.5873,1.58665
20130122,1.5843,1.58365
20130123,1.5859,1.5854
20130124,1.5836,1.58295
20130125,1.5771,1.5765
20130128,1.5721,1.5712
20130129,1.5714,1.5706
20130130,1.5767,1.576
20130131,1.579,1.57825
20130201,1.579,1.57825
20130204,1.5717,1.571
20130205,1.576,1.57535
20130206,1.5672,1.5665
20130207,1.5719,1.57125
20130208,1.57607142857,1.5752
20130211,1.5704,1.5696
20130212,1.5596,1.5588
20130213,1.5558,1.5549
20130214,1.5498,1.54895
20130215,1.549,1.5482
20130218,1.5468,1.546
20130219,1.5488,1.5478
20130220,1.5305,1.5299
20130221,1.5224,1.5217
20130222,1.5251,1.5244
20130225,1.5135,1.51285
20130226,1.5207,1.5202
20130227,1.5135,1.5128
20130228,1.5177,1.517
20130301,1.504,1.50335
20130304,1.5036,1.503
20130305,1.5154,1.5146
20130306,1.5088,1.50809354839
20130307,1.4993,1.4986
20130308,1.5036,1.5028
20130311,1.4882,1.48734444444
20130312,1.4861,1.4854
20130313,1.4955,1.4947
20130314,1.4944,1.493575
20130315,1.5155,1.5147
20130318,1.5127,1.5118
20130319,1.51067142857,1.5104
20130320,1.513,1.5126
20130321,1.5182,1.5179
20130322,1.5188,1.5184
20130325,1.5203,1.5198
20130326,1.5164,1.516
20130327,1.5107,1.51
20130328,1.5115,1.51105
20130329,1.5115,1.51105
20130401,1.519,1.51865
20130402,1.5188,1.5185
20130403,1.5104,1.50995
20130404,1.505,1.5062
20130405,1.5216,1.5218
20130408,1.5298,1.52925
20130409,1.5289,1.52795
20130410,1.53,1.5293
20130411,1.5384,1.53785
20130412,1.537,1.53635
20130415,1.5333,1.5327
20130416,1.5299,1.52935
20130417,1.5249,1.52425
20130418,1.525,1.5244
20130419,1.5346,1.534
20130422,1.5232,1.52255
20130423,1.5234,1.52265
20130424,1.5273,1.5266
20130425,1.5435,1.543
20130426,1.5451,1.5444
20130429,1.5517,1.5509
20130430,1.5482,1.54745
20130501,1.5565,1.55575
20130502,1.5571,1.55625
20130503,1.5553,1.55445
20130506,1.5557,1.5559
20130507,1.5531,1.5523
20130508,1.55,1.54925
20130509,1.5565,1.5533
20130510,1.5397,1.5389
20130513,1.5368,1.5359
20130514,1.5273,1.5266
20130515,1.52018666667,1.5194
20130516,1.5208,1.5201
20130517,1.5246,1.5237
20130520,1.5194,1.5186
20130521,1.5149,1.51405
20130522,1.509,1.50825
20130523,1.5084,1.50765
20130524,1.5116,1.51085
20130527,1.513,1.5123
20130528,1.5107,1.5098
20130529,1.5065,1.5058
20130530,1.5152,1.51445
20130531,1.5212,1.52025
20130603,1.5251,1.5243
20130604,1.5293,1.5283
20130605,1.5358,1.5349
20130606,1.5448,1.544
20130607,1.5577,1.55675
20130610,1.554,1.5530037037
20130611,1.554,1.5532
20130612,1.566,1.5652
20130613,1.5671,1.5663
20130614,1.5645,1.5636
20130617,1.571,1.57
20130618,1.561,1.5602
20130619,1.5631,1.5623
20130620,1.5445,1.54365
20130621,1.5471,1.54615
20130624,1.5347,1.53395
20130625,1.5441,1.5432
20130626,1.5349,1.5342
20130627,1.5277,1.52675
20130628,1.5224,1.5215
20130701,1.5214,1.5206
20130702,1.5187,1.51785
20130703,1.5247,1.52395
20130704,1.526,1.522
20130705,1.4976,1.497
20130708,1.4899,1.4891
20130709,1.4848,1.4841
20130710,1.4893,1.4885
20130711,1.5107,1.50985
20130712,1.5102,1.5094
20130715,1.5047,1.5038
20130716,1.5098,1.50895
20130717,1.5215,1.5206
20130718,1.5213,1.5204
20130719,1.5247,1.5238
20130722,1.5327,1.5318
20130723,1.5342,1.5334
20130724,1.5346,1.5338
20130725,1.5277,1.5268
20130726,1.54,1.53925
20130729,1.5384,1.53765
20130730,1.5306,1.5298
20130731,1.5191,1.51825
20130801,1.5158,1.5175
20130802,1.514,1.51305
20130805,1.5343,1.5333
20130806,1.5353,1.5344
20130807,1.5443,1.54325
20130808,1.5506,1.5496
20130809,1.5528,1.5518
20130812,1.5476,1.5467
20130813,1.5449,1.54395
20130814,1.5479,1.547
20130815,1.5575,1.55655
20130816,1.5638,1.563
20130819,1.5646,1.56365
20130820,1.5657,1.56475
20130821,1.5662,1.5652
20130822,1.5571,1.556
20130823,1.5601,1.559
20130826,1.5569,1.5559
20130827,1.5514,1.55035
20130828,1.5461,1.545
20130829,1.5505,1.5495
20130830,1.5499,1.54895
20130902,1.5582,1.5571
20130903,1.5574,1.5564
20130904,1.5611,1.56
20130905,1.5617,1.5616
20130906,1.5565,1.5555
20130909,1.5673,1.5662
20130910,1.5701,1.569
20130911,1.577,1.5759
20130912,1.5811,1.5802
20130913,1.5813,1.5802
20130916,1.5923,1.5912
20130917,1.5892,1.5883
20130918,1.5955,1.59455
20130919,1.6071,1.60605
20130920,1.6016,1.60065
20130923,1.6043,1.60335
20130924,1.5972,1.5962
20130925,1.603,1.6019
20130926,1.6048,1.6037
20130927,1.608,1.60705
20130930,1.6144,1.61335
20131001,1.6221,1.62115
20131002,1.6193,1.6182
20131003,1.6206,1.61955
20131004,1.604,1.60295
20131007,1.6062,1.6051
20131008,1.6074,1.6063
20131009,1.5964,1.5954
20131010,1.5934,1.5926
20131011,1.5968,1.5958
20131014,1.5978,1.59665
20131015,1.5915,1.5904
20131016,1.6024,1.60125
20131017,1.6052,1.60405
20131018,1.6204,1.6193
20131021,1.616,1.61475
20131022,1.6125,1.61135
20131023,1.6123,1.611
20131024,1.6175,1.61635
20131025,1.6189,1.61775
20131028,1.6199,1.61875
20131029,1.6074,1.60625
20131030,1.606,1.60475
20131031,1.6017,1.60055
20131101,1.5995,1.59825
20131104,1.5956,1.5945
20131105,1.605,1.60375
20131106,1.6098,1.6083
20131107,1.6071,1.60595
20131108,1.6067,1.6056
20131111,1.5986,1.5973
20131112,1.5877,1.5866
20131113,1.5949,1.59375
20131114,1.6002,1.599
20131115,1.6076,1.6064
20131118,1.6106,1.6096
20131119,1.6084,1.60725
20131120,1.6148,1.61365
20131121,1.6095,1.60825
20131122,1.6192,1.61795
20131125,1.6187,1.6175
20131126,1.618,1.6169
20131127,1.6291,1.62795
20131128,1.6339,1.6328
20131129,1.6326,1.63145
20131202,1.6388,1.6376
20131203,1.6408,1.6397
20131204,1.6356,1.6345
20131205,1.6352,1.63405
20131206,1.6359,1.63495
20131209,1.6387,1.6379
20131210,1.6455,1.6447
20131211,1.6395,1.6386
20131212,1.6395,1.6386
20131213,1.6281,1.6271
20131216,1.63095,1.6299
20131217,1.6293,1.6281
20131218,1.635,1.6339
20131219,1.6359,1.6347
20131220,1.6333,1.63205
20131223,1.6336,1.6325
20131224,1.6333,1.6325
20131225,1.6333,1.6325
20131226,1.6333,1.6325
20131227,1.6485,1.6473
20131230,1.6473,1.6459
20131231,1.6492,1.64795
20140101,1.6492,1.64795
20140102,1.6492,1.64795
20140103,1.6458,1.6444
20140106,1.6368,1.63565
20140107,1.6413,1.64015
20140108,1.6408,1.6397
20140109,1.6448,1.6437
20140110,1.64,1.6389
20140113,1.6444,1.64315
20140114,1.6399,1.6386
20140115,1.642,1.64085
20140116,1.6326,1.6312
20140117,1.6427,1.64145
20140120,1.6436,1.6424
20140121,1.6434,1.6423
20140122,1.6525,1.65135
20140123,1.6587,1.6573
20140124,1.6609,1.6598
20140127,1.6552,1.6541
20140128,1.6543,1.6531
20140129,1.6574,1.65615
20140130,1.6456,1.64455
20140131,1.64453333333,1.6435
20140203,1.6326,1.63145
20140204,1.6327,1.6315
20140205,1.6273,1.6262
20140206,1.6287,1.6275
20140207,1.6333,1.6323
20140210,1.6386,1.6373
20140211,1.6417,1.64045
20140212,1.6533,1.65205
20140213,1.6635,1.66225
20140214,1.6691,1.66785
20140217,1.6736,1.67235
20140218,1.6697,1.6685
20140219,1.66775384615,1.66655
20140220,1.6641,1.663
20140221,1.6665,1.66535
20140224,1.6652,1.6642
20140225,1.6698,1.6686
20140226,1.6689,1.6678
20140227,1.663,1.66195
20140228,1.6722,1.6712
20140303,1.673,1.6717
20140304,1.6694,1.6682
20140305,1.6674,1.6663
20140306,1.6719,1.6707
20140307,1.6745,1.6733
20140310,1.6652,1.6641
20140311,1.6615,1.6603
20140312,1.6576,1.6566
20140313,1.6682,1.6672
20140314,1.6615,1.6603
20140317,1.6626,1.6615
20140318,1.659,1.65785
20140319,1.6624,1.6614
20140320,1.6512,1.65
20140321,1.6491,1.648
20140324,1.6485,1.6474
20140325,1.6492,1.64815
20140326,1.652,1.65085
20140327,1.6613,1.66005
20140328,1.6605,1.6593
20140331,1.6633,1.6621
20140401,1.6634,1.66225
20140402,1.6631,1.66195
20140403,1.6582,1.6571
20140404,1.6577,1.6565
20140407,1.6572,1.6559
20140408,1.6705,1.6693
20140409,1.6732,1.672
20140410,1.6784,1.6749
20140411,1.6733,1.6722
20140414,1.6711,1.66995
20140415,1.6711,1.66985
20140416,1.6782,1.6769
20140417,1.6806,1.6794
20140418,1.6806,1.6794
20140421,1.6798,1.67855
20140422,1.6814,1.68025
20140423,1.6796,1.6783
20140424,1.6782,1.677
20140425,1.6811,1.6798
20140428,1.6834,1.6822
20140429,1.6798,1.6786
20140430,1.6815,1.68025
20140501,1.6897,1.68845
20140502,1.6855,1.6845
20140505,1.6863,1.68505
20140506,1.696,1.6949
20140507,1.6959,1.69475
20140508,1.696,1.6955
20140509,1.6891,1.688
20140512,1.6885,1.68732631579
20140513,1.6828,1.68165
20140514,1.6768,1.6755
20140515,1.675,1.6738
20140516,1.6793,1.6782
20140519,1.6814,1.6802
20140520,1.6824,1.681
20140521,1.6887,1.6875
20140522,1.68625714286,1.685
20140523,1.6835,1.6825
20140526,1.6842,1.6831
20140527,1.682,1.6809
20140528,1.6752,1.674
20140529,1.6723,1.67105
20140530,1.6728,1.6715
20140602,1.6751,1.674
20140603,1.6742,1.6731
20140604,1.674,1.67285
20140605,1.6759,1.6749
20140606,1.6812,1.6799
20140609,1.6809,1.6797
20140610,1.6779,1.6768
20140611,1.6781,1.677
20140612,1.6824,1.6813
20140613,1.695,1.6936
20140616,1.6968,1.6955
20140617,1.6972,1.6953
20140618,1.6933,1.69145
20140619,1.7007,1.6989
20140620,1.7031,1.7013
20140623,1.7012,1.69950625
20140624,1.6981027027,1.69635
20140625,1.696,1.6942
20140626,1.7017,1.7
20140627,1.7014,1.6996
20140630,1.7025,1.7007
20140701,1.7125,1.71075555556
20140702,1.7151,1.7134
20140703,1.7128,1.7109
20140704,1.7133,1.7114
20140707,1.711,1.70915
20140708,1.7109,1.7092
20140709,1.7101,1.70845
20140710,1.7103,1.7093
20140711,1.7126,1.7109
20140714,1.71,1.7084
20140715,1.7144,1.7127
20140716,1.7123,1.7106
20140717,1.7102,1.70845
20140718,1.7087,1.70705
20140721,1.7071,1.7054
20140722,1.7061,1.7044
20140723,1.7042,1.70255
20140724,1.7005,1.69895
20140725,1.6979,1.69625
20140728,1.6979,1.6963
20140729,1.6948,1.6932
20140730,1.6928,1.6912
20140731,1.6876,1.68605
20140801,1.683,1.6813
20140804,1.6812,1.6797
20140805,1.6864,1.6848
20140806,1.6824,1.68085
20140807,1.6854,1.6819
20140808,1.68,1.6784
20140811,1.6777,1.6762
20140812,1.6773,1.6759
20140813,1.671,1.6695
20140814,1.6679,1.6665
20140815,1.6686,1.66725
20140818,1.672,1.6707
20140819,1.6643,1.66290769231
20140820,1.6636,1.662
20140821,1.6585,1.6569
20140822,1.6571,1.65565
20140825,1.6591,1.6578
20140826,1.6569,1.6556
20140827,1.6576,1.65622
20140828,1.6578,1.6564
20140829,1.659,1.6577
20140901,1.6611,1.6597
20140902,1.6535,1.6522
20140903,1.6463,1.645
20140904,1.6451,1.6436
20140905,1.6312,1.6298
20140908,1.6119,1.6107
20140909,1.6129,1.6116
20140910,1.6126,1.6112
20140911,1.6241,1.6229
20140912,1.6239,1.6227
20140915,1.62445,1.6232
20140916,1.618,1.6164
20140917,1.6293,1.62775
20140918,1.6323,1.6305
20140919,1.6373,1.6356
20140922,1.6314,1.6295
20140923,1.6373,1.6355
20140924,1.6394,1.6377
20140925,1.6292,1.62755
20140926,1.6308,1.6292
20140929,1.622,1.6203
20140930,1.6169,1.6153
20141001,1.618,1.61635
20141002,1.6137,1.612
20141003,1.606,1.60445
20141006,1.5974,1.59585
20141007,1.6054,1.6039
20141008,1.6068,1.6053
20141009,1.6206,1.6192
20141010,1.6048,1.6032
20141013,1.6089,1.6076
20141014,1.5941,1.59275
20141015,1.591,1.58965
20141016,1.5977,1.59635
20141017,1.6096,1.60835
20141020,1.6114,1.6101
20141021,1.614,1.6126
20141022,1.6045,1.6032
20141023,1.6,1.5987
20141024,1.6035,1.6023
20141027,1.6095,1.6083
20141028,1.6115,1.6103
20141029,1.6117,1.6105
20141030,1.6002,1.59895
20141031,1.5996,1.5984
20141103,1.5998,1.5986
20141104,1.5996,1.5983
20141105,1.5883,1.5869
20141106,1.5943,1.59305
20141107,1.583,1.5815
20141110,1.5903,1.58915
20141111,1.5842,1.583
20141112,1.5878,1.5866
20141113,1.576,1.5747
20141114,1.567,1.5657
20141117,1.5632,1.5621
20141118,1.5655,1.56445
20141119,1.569,1.56785
20141120,1.5665,1.5655
20141121,1.5663,1.5654
20141124,1.5651,1.564
20141125,1.5674,1.56625
20141126,1.5727,1.57155
20141127,1.5747,1.57365
20141128,1.5686,1.5676
20141201,1.5715,1.57045
20141202,1.5701,1.5691
20141203,1.5668,1.5658
20141204,1.5693,1.56839545455
20141205,1.5681,1.567
20141208,1.55882,1.5579
20141209,1.564,1.563
20141210,1.5652,1.5642
20141211,1.5661,1.56498888889
20141212,1.57135,1.5702
20141215,1.56625,1.5651
20141216,1.5697,1.5682
20141217,1.5697,1.56845
20141218,1.5633,1.56205
20141219,1.5639,1.5627
20141222,1.5613,1.5603
20141223,1.556,1.55485
20141224,1.5539,1.5528
20141225,1.5539,1.5528
20141226,1.5542,1.55285
20141229,1.5545,1.5533
20141230,1.5516,1.5504
20141231,1.5579,1.5565
20150101,1.5579,1.5565
20150102,1.5435,1.54235
20150105,1.5259,1.5248
20150106,1.5179,1.5167
20150107,1.5131,1.51195
20150108,1.5048,1.5035
20150109,1.5143,1.5133
20150112,1.5112,1.5101
20150113,1.511,1.5098
20150114,1.5171,1.51595
20150115,1.5194,1.51835
20150116,1.5192,1.5181
20150119,1.5139,1.51275
20150120,1.5143,1.51315
20150121,1.5107,1.5097
20150122,1.51763846154,1.51655
20150123,1.4982,1.4973
20150126,1.5003,1.4994
20150127,1.5067,1.5058
20150128,1.5203,1.5194
20150129,1.51388181818,1.5128
20150130,1.5072,1.50635
20150202,1.501,1.50005
20150203,1.5052,1.50425
20150204,1.5187,1.5175
20150205,1.5241,1.5233
20150206,1.5322,1.53125
20150209,1.5214,1.52045
20150210,1.5223,1.5215
20150211,1.5287,1.52785
20150212,1.5319,1.5311
20150213,1.5382,1.5372
20150216,1.5371,1.53615
20150217,1.5387,1.53775
20150218,1.5421,1.5411
20150219,1.5439,1.54285
20150220,1.5367,1.5358
20150223,1.5335,1.5325
20150224,1.5448,1.54385
20150225,1.5506,1.54965
20150226,1.552,1.55105
20150227,1.5402,1.5392
20150302,1.5412,1.54025
20150303,1.537,1.5361
20150304,1.5334,1.5323
20150305,1.5253,1.5243
20150306,1.5177,1.5167
20150309,1.511,1.51
20150310,1.5078,1.5067
20150311,1.5056,1.5047
20150312,1.5004,1.499485
20150313,1.4833,1.4823
20150316,1.4785,1.4773
20150317,1.4762,1.4753
20150318,1.4668,1.46605
20150319,1.4891,1.4881
20150320,1.4743,1.47355
20150323,1.4906,1.48995
20150324,1.4916,1.49095
20150325,1.4868,1.486
20150326,1.4917,1.4909
20150327,1.4873,1.4867
20150330,1.4793,1.4785
20150331,1.4792,1.4784
20150401,1.4766,1.4761
20150402,1.4777,1.477
20150403,1.4818,1.4809
20150406,1.4934,1.49265
20150407,1.48797142857,1.48715
20150408,1.4936,1.49275
20150409,1.4812,1.48105
20150410,1.4618,1.461
20150413,1.4591,1.4583
20150414,1.4643,1.46335
20150415,1.473,1.47225
20150416,1.4902,1.4893
20150417,1.502,1.501
20150420,1.4911,1.4902
20150421,1.4873,1.48645
20150422,1.5032,1.502
20150423,1.5002,1.4993
20150424,1.511,1.51
20150427,1.5128,1.5118
20150428,1.5284,1.52745
20150429,1.5364,1.53555
20150430,1.5421,1.5412
20150501,1.5273,1.5265
20150504,1.5102,1.50925
20150505,1.5128,1.5119
20150506,1.5219,1.52105
20150507,1.5214,1.5204
20150508,1.54188181818,1.5409
20150511,1.5478,1.5472
20150512,1.5669,1.56585
20150513,1.5679,1.5669
20150514,1.5794,1.57835
20150515,1.572,1.5712
20150518,1.5681,1.5672
20150519,1.5516,1.5503
20150520,1.5518,1.5507
20150521,1.5684,1.5673
20150522,1.56413,1.5631
20150525,1.5488,1.5476
20150526,1.541,1.54
20150527,1.538,1.53705
20150528,1.529,1.528
20150529,1.5246,1.5236
20150601,1.5205,1.51955
20150602,1.52368571429,1.5227
20150603,1.5283,1.52725
20150604,1.543,1.5425
20150605,1.5298,1.5288
20150608,1.5235,1.5225
20150609,1.529,1.5279
20150610,1.5463,1.5451
20150611,1.5466,1.5456
20150612,1.5504,1.5493
20150615,1.54975,1.5488
20150616,1.5573,1.5566
20150617,1.5733,1.57255
20150618,1.5893,1.5883
20150619,1.5834,1.58245
20150622,1.5809,1.5801
20150623,1.5769,1.576
20150624,1.5746,1.57375
20150625,1.5702,1.5693
20150626,1.5732,1.57235
20150629,1.5685,1.56745
20150630,1.571,1.56995
20150701,1.565,1.5641
20150702,1.5588,1.55775
20150703,1.5625,1.56165
20150706,1.5551,1.554
20150707,1.5452,1.5443
20150708,1.5355,1.5346
20150709,1.5378,1.53575
20150710,1.5516,1.5506
20150713,1.5553,1.5544
20150714,1.5566,1.55555
20150715,1.5626,1.56145
20150716,1.5606,1.55955
20150717,1.5596,1.5585
20150720,1.5556,1.5546
20150721,1.5538,1.5529
20150722,1.5599,1.55895
20150723,1.5588,1.55775
20150724,1.5487,1.54775
20150727,1.5507,1.54965
20150728,1.5585,1.55745
20150729,1.5635,1.5626
20150730,1.5613,1.5605
20150731,1.5569,1.556
20150803,1.5595,1.5585
20150804,1.5591,1.55805
20150805,1.5587,1.55775
20150806,1.5585,1.555
20150807,1.5506,1.5499
20150810,1.5467,1.54605
20150811,1.5572,1.5565
20150812,1.5583,1.5575
20150813,1.5623,1.5615
20150814,1.5628,1.562
20150817,1.5628,1.56215
20150818,1.5701,1.5694
20150819,1.5667,1.5661
20150820,1.5646,1.56395
20150821,1.5685,1.5676
20150824,1.5715,1.57065
20150825,1.579,1.5781
20150826,1.5623,1.56145
20150827,1.5451,1.54425
20150828,1.5387,1.53785
20150831,1.5418,1.541
20150901,1.5352,1.5344
20150902,1.5274,1.52665
20150903,1.528,1.5272
20150904,1.5226,1.522
20150907,1.5261,1.5254
20150908,1.5371,1.5363
20150909,1.5359,1.5352
20150910,1.5384,1.5379
20150911,1.5418,1.541
20150914,1.54315,1.5424
20150915,1.5422,1.54155
20150916,1.5424,1.5418
20150917,1.55250322581,1.5521
20150918,1.563,1.56235
20150921,1.5528,1.5521
20150922,1.5433,1.5426
20150923,1.5306,1.5299
20150924,1.5262,1.52565
20150925,1.5214,1.5209
20150928,1.5195,1.5191
20150929,1.5185,1.51815
20150930,1.5192,1.5189
20151001,1.5127,1.5126
20151002,1.5144,1.51405
20151005,1.5184,1.51795
20151006,1.5155,1.515
20151007,1.5308,1.53025
20151008,1.5337,1.5316
20151009,1.5333,1.53285
20151012,1.5339,1.5333
20151013,1.5237,1.5232
20151014,1.53539264706,1.5348
20151015,1.5482,1.5476
20151016,1.5443,1.54375
20151019,1.5489,1.54835
20151020,1.5474,1.54685
20151021,1.5446,1.54405
20151022,1.5475,1.5469
20151023,1.5383,1.5376
20151026,1.5336,1.533
20151027,1.5338,1.53325
20151028,1.529,1.5284
20151029,1.5266,1.526
20151030,1.5337,1.5334
20151102,1.54683913043,1.5465
20151103,1.5403,1.54
20151104,1.5412,1.541
20151105,1.5376,1.53725
20151106,1.5143,1.5145
20151109,1.5081,1.5084
20151110,1.5104,1.5109
20151111,1.51578518519,1.5162
20151112,1.5187,1.51922
20151113,1.5217,1.522
20151116,1.5202,1.5204
20151117,1.5196,1.5199
20151118,1.5226,1.5232
20151119,1.5267,1.5273
20151120,1.5299,1.5305
20151123,1.5149,1.5153
20151124,1.5123,1.5127
20151125,1.5067,1.50715
20151126,1.5078,1.5083
20151127,1.5043,1.5049
20151130,1.5017,1.50205
20151201,1.5092,1.5095
20151202,1.5043,1.5046
20151203,1.494,1.4943
20151204,1.5116,1.51175
20151207,1.5081,1.508
20151208,1.5007,1.5008
20151209,1.5069,1.5069
20151210,1.5176,1.5177
20151211,1.5155,1.5155
20151214,1.5157,1.5158
20151215,1.5137,1.514
20151216,1.5025,1.50275
20151217,1.4929,1.4934
20151218,1.4935,1.49415
20151221,1.4896,1.4905
20151222,1.4889,1.4894
20151223,1.488,1.48865
20151224,1.4897,1.49025
20151225,1.4897,1.49025
20151228,1.4918,1.4923
20151229,1.4848,1.48525
20151230,1.4818,1.4823
20151231,1.4815,1.48215
20160101,1.4815,1.48215
20160104,1.4791,1.4795
20160105,1.4665,1.467
20160106,1.4656,1.466
20160107,1.4564,1.45695
20160108,1.4613,1.4618
20160111,1.4563,1.4568
20160112,1.44408571429,1.4446
20160113,1.4432,1.44375
20160114,1.437,1.43755
20160115,1.4341,1.4346
20160118,1.4283,1.4287
20160119,1.4314,1.4319
20160120,1.417,1.4174
20160121,1.4148,1.4153
20160122,1.4256,1.4261
20160125,1.4242,1.4247
20160126,1.42,1.4204
20160127,1.4309,1.4314
20160128,1.4329,1.4331
20160129,1.4301,1.4306
20160201,1.4275,1.42805
20160202,1.4389,1.4393
20160203,1.4478,1.4482
20160204,1.4656,1.466
20160205,1.4523,1.4526
20160208,1.4453,1.44575
20160209,1.4468,1.44725
20160210,1.4519,1.4525
20160211,1.4459,1.4465
20160212,1.4559,1.4566
20160215,1.4491,1.4497
20160216,1.44639,1.447
20160217,1.4313,1.432
20160218,1.4338,1.43425
20160219,1.4292,1.4295
20160222,1.4166,1.4171
20160223,1.4098,1.4103
20160224,1.3902,1.391
20160225,1.3925,1.3931
20160226,1.399,1.3997
20160229,1.3856,1.38615
20160301,1.3999,1.4004
20160302,1.3972,1.3978
20160303,1.407,1.40745
20160304,1.4136,1.414
20160307,1.4144,1.4148
20160308,1.4221,1.4224
20160309,1.4228,1.4231
20160310,1.423,1.4233
20160311,1.4288,1.4291
20160314,1.43565,1.436
20160315,1.4163,1.4175
20160316,1.4118,1.413
20160317,1.435,1.436
20160318,1.4445,1.44545
20160321,1.4424,1.4433
20160322,1.4282,1.42915
20160323,1.4193,1.4203
20160324,1.4141,1.4152
20160325,1.4141,1.4152
20160328,1.4165,1.41755
20160329,1.4266,1.4276
20160330,1.4409,1.44185
20160331,1.4406,1.44155
20160401,1.4288,1.4298
20160404,1.4232,1.4241
20160405,1.4207,1.4215
20160406,1.4074,1.40825
20160407,1.4078,1.4085
20160408,1.407,1.40785
20160411,1.4237,1.4245
20160412,1.4318,1.4327
20160413,1.4249,1.4258
20160414,1.4137,1.415
20160415,1.4188,1.41955
20160418,1.4196,1.42035
20160419,1.437,1.4377
20160420,1.4378,1.43845
20160421,1.4377,1.43845
20160422,1.4378,1.4385
20160425,1.4454,1.4461
20160426,1.4566,1.4573
20160427,1.4608,1.4615
20160428,1.4553,1.45595
20160429,1.4616,1.46215
20160502,1.4629,1.46355
20160503,1.4673,1.4682
20160504,1.4482,1.44875
20160505,1.4463,1.4469
20160506,1.4506,1.4513
20160509,1.4444,1.44515
20160510,1.4425,1.4431
20160511,1.4425,1.44315
20160512,1.4444,1.4437
20160513,1.4412,1.4419
20160516,1.4352,1.43585
20160517,1.4477,1.4483
20160518,1.4482,1.4489
20160519,1.4637,1.4646
20160520,1.4579,1.45875
20160523,1.4471,1.4479
20160524,1.4601,1.46115
20160525,1.4663,1.46725
20160526,1.4697,1.4707
20160527,1.4654,1.4664
20160530,1.4603,1.46135
20160531,1.4619,1.463
20160601,1.44463636364,1.4458
20160602,1.4431,1.44435
20160603,1.4409,1.44205
20160606,1.4393,1.4404
20160607,1.4589,1.4599
20160608,1.45693571429,1.458
20160609,1.4467,1.447475
20160610,1.44245,1.4433
20160613,1.4158,1.4167
20160614,1.4174,1.4185
20160615,1.4204,1.4216
20160616,1.4136,1.4184
20160617,1.4264,1.4275
20160620,1.4632,1.46435
20160621,1.4759,1.47685
20160622,1.4686,1.46955
20160623,1.49,1.4905
20160624,1.3716,1.3711
20160627,1.32251428571,1.3238
20160628,1.3347,1.3361
20160629,1.3429,1.34405
20160630,1.3493,1.3505
20160701,1.3296,1.33105
20160704,1.3268,1.3283
20160705,1.3169,1.3185
20160706,1.2992,1.3008
20160707,1.3041,1.3058
20160708,1.2992,1.30085
20160711,1.2991,1.3006
20160712,1.3172,1.319
20160713,1.3307,1.3327
20160714,1.3255,1.32725
20160715,1.3379,1.3396
20160718,1.324,1.3258
20160719,1.3176,1.3193
20160720,1.3179,1.31955
20160721,1.3194,1.3212
20160722,1.3116,1.31355
20160725,1.314,1.316
20160726,1.313,1.3152
20160727,1.3112,1.31345
20160728,1.316,1.31825
20160729,1.3187,1.32105
20160801,1.319,1.3212
20160802,1.3247,1.327
20160803,1.3356,1.3378
20160804,1.3281,1.33
20160805,1.3168,1.31915
20160808,1.3075,1.30995
20160809,1.2993,1.30195
20160810,1.3076,1.3103
20160811,1.299,1.3015
20160812,1.2969,1.2994
20160815,1.2925,1.29485
20160816,1.2985,1.301
20160817,1.30137619048,1.30365
20160818,1.316,1.3183
20160819,1.3125,1.3148
20160822,1.3092,1.3116
20160823,1.3187,1.321
20160824,1.3248,1.32725
20160825,1.3202,1.32265
20160826,1.32051,1.32305
20160829,1.3094,1.312
20160830,1.3088,1.31135
20160831,1.3143,1.31675
20160901,1.3249,1.3273
20160902,1.326,1.3284
20160905,1.3333,1.33575
20160906,1.3333,1.3355
20160907,1.3383,1.3407
20160908,1.3373,1.3396
20160909,1.3318,1.334
20160912,1.3265,1.32868
20160913,1.327,1.329
20160914,1.31996,1.32205
20160915,1.3222,1.3248
20160916,1.3171,1.3192
20160919,1.3052,1.3071
20160920,1.2989,1.30155
20160921,1.3019,1.30455
20160922,1.3072,1.30985
20160923,1.2993,1.3019
20160926,1.2945,1.29695
20160927,1.2977,1.30015
20160928,1.3038,1.3062
20160929,1.303,1.305
20160930,1.2978,1.3
20161003,1.2902,1.29265
20161004,1.2782,1.2806
20161005,1.274,1.2763
20161006,1.2719,1.2742
20161007,1.2391,1.2415
20161010,1.2439,1.24625
20161011,1.22690540541,1.2292
20161012,1.2267,1.22895
20161013,1.2218,1.224
20161014,1.2247,1.2268
20161017,1.2175,1.2196
20161018,1.2292,1.23135
20161019,1.2312,1.2334
20161020,1.2272,1.2293
20161021,1.2219,1.2242
20161024,1.2252,1.22735
20161025,1.2245,1.2269
20161026,1.2226,1.2248
20161027,1.2271,1.2295
20161028,1.2145,1.2168
20161031,1.2174,1.2198
20161101,1.2251,1.2276
20161102,1.2287,1.23105
20161103,1.2446,1.2471
20161104,1.2484,1.2509
20161107,1.2423,1.245
20161108,1.2415,1.24395
20161109,1.2441,1.2464
20161110,1.24,1.24245
20161111,1.2644,1.26685
20161114,1.2536,1.25615
20161115,1.2413,1.2437
20161116,1.2453,1.24795
20161117,1.2476,1.25025
20161118,1.2426,1.24525
20161121,1.234,1.2367
20161122,1.245,1.2475
20161123,1.2381,1.2411
20161124,1.2476,1.25045
20161125,1.246,1.24895
20161128,1.244,1.2469
20161129,1.2473,1.2501
20161130,1.2439,1.2468
20161201,1.2597,1.26255
20161202,1.2615,1.2643
20161205,1.2719,1.2747
20161206,1.2758,1.2788
20161207,1.2591,1.262
20161208,1.26998947368,1.2727
20161209,1.2614,1.26415
20161212,1.2591,1.2619
20161213,1.2704,1.2732
20161214,1.2657,1.2684
20161215,1.2534,1.2562
20161216,1.2446,1.2473
20161219,1.245,1.2478
20161220,1.2371,1.24
20161221,1.23796363636,1.2408
20161222,1.2365,1.2394
20161223,1.2283,1.2312
20161226,1.2283,1.2312
20161227,1.2292,1.2322
20161228,1.226,1.2289
20161229,1.2286,1.23145
20161230,1.2325,1.23545
20170102,1.2325,1.23545
20170103,1.2296,1.2325
20170104,1.2276,1.2306
20170105,1.2309,1.23395
20170106,1.239,1.2421
20170109,1.2175,1.2207
20170110,1.217,1.22
20170111,1.2146,1.21775
20170112,1.2284,1.2317
20170113,1.2233,1.2265
20170116,1.2071,1.2103
20170117,1.2175,1.2207
20170118,1.2322,1.2354
20170119,1.2346,1.23775
20170120,1.23,1.2333
20170123,1.2476,1.2508
20170124,1.2468,1.2501
20170125,1.259,1.26215
20170126,1.26248873239,1.2657
20170127,1.2537,1.2569
20170130,1.2547,1.2579
20170131,1.2442,1.2471
20170201,1.2634,1.2665
20170202,1.266,1.2691
20170203,1.2489,1.25195
20170206,1.2496,1.25265
20170207,1.2385,1.24145
20170208,1.2502,1.2532
20170209,1.2577,1.2606
20170210,1.2503,1.25315
20170213,1.2526,1.2553
20170214,1.247,1.2498
20170215,1.244,1.2469
20170216,1.2518,1.25475
20170217,1.2414,1.2443
20170220,1.2475,1.2504
20170221,1.2416,1.24455
20170222,1.2465,1.2495
20170223,1.2455,1.2486
20170224,1.255,1.258
20170227,1.2422,1.2454
20170228,1.2438,1.247
20170301,1.2376,1.2405
20170302,1.228,1.2312
20170303,1.2228,1.2257
20170306,1.2262,1.229
20170307,1.2202,1.22327777778
20170308,1.2153,1.2183
20170309,1.2153,1.21822727273
20170310,1.216,1.2188
20170313,1.2209,1.2239
20170314,1.2162,1.2197
20170315,1.2223,1.22565
20170316,1.2285,1.2318
20170317,1.2414,1.2447
20170320,1.2448,1.2481
20170321,1.2496,1.25295
20170322,1.2485,1.2519
20170323,1.2538,1.257
20170324,1.2514,1.2545
20170327,1.2613,1.2645
20170328,1.2583,1.26135
20170329,1.2455,1.24855
20170330,1.2472,1.2503
20170331,1.2476,1.2506
20170403,1.2526,1.25555
20170404,1.2468,1.2499
20170405,1.2501,1.25325
20170406,1.2477,1.25085
20170407,1.2447,1.2478
20170410,1.2428,1.246
20170411,1.2449,1.248
20170412,1.2519,1.255
20170413,1.2564,1.2596
20170414,1.2564,1.2596
20170417,1.2566,1.2598
20170418,1.2673,1.2703
20170419,1.2859,1.28915
20170420,1.2824,1.2858
20170421,1.2811,1.28425
20170424,1.2837,1.2869
20170425,1.2837,1.28695
20170426,1.2842,1.28745
20170427,1.2916,1.2951
20170428,1.2962,1.29955
20170501,1.2947,1.2981
20170502,1.2942,1.2976
20170503,1.2941,1.2976
20170504,1.2902,1.2936
20170505,1.2949,1.29825
20170508,1.2976,1.301
20170509,1.2939,1.2973
20170510,1.2958,1.2992
20170511,1.2938,1.2977
20170512,1.2869,1.2905
20170515,1.2943,1.2977
20170516,1.2906,1.29405
20170517,1.2984,1.30185
20170518,1.3044,1.30795
20170519,1.3016,1.30505
20170522,1.3008,1.3043
20170523,1.2978,1.3013
20170524,1.2971,1.3008
20170525,1.2967,1.30035
20170526,1.28615833333,1.2898
20170529,1.2848,1.2884
20170530,1.2869,1.2905
20170531,1.2844,1.288
20170601,1.2858,1.2893
20170602,1.2862,1.2898
20170605,1.291,1.2945
20170606,1.2914,1.2948
20170607,1.2905,1.2941
20170608,1.2946,1.2983
20170609,1.2759,1.27945
20170612,1.2693,1.2729
20170613,1.2732,1.2767
20170614,1.273,1.2766
20170615,1.2697,1.273
20170616,1.2776,1.2813
20170619,1.28,1.2837
20170620,1.2706,1.2741
20170621,1.2682,1.272
20170622,1.2704,1.27375
20170623,1.2771,1.28045
20170626,1.2775,1.2809
20170627,1.2783,1.28175
20170628,1.2857,1.2892
20170629,1.2857,1.2892
20170630,1.3007,1.304
20170703,1.2987,1.3021
20170704,1.2968,1.3003
20170705,1.294,1.2974
20170706,1.2982,1.3017
20170707,1.2925,1.296
20170710,1.2902,1.2937
20170711,1.2934,1.2971
20170712,1.2886,1.29215
20170713,1.2949,1.2984
20170714,1.2995,1.30315
20170717,1.3094,1.31285
20170718,1.3051,1.30875
20170719,1.3077,1.3115
20170720,1.2965,1.3003
20170721,1.3025,1.30615
20170724,1.3057,1.30945
20170725,1.3056,1.30925
20170726,1.3076,1.3113
20170727,1.3169,1.3207
20170728,1.3106,1.31435
20170731,1.3146,1.3183
20170801,1.3233,1.32705
20170802,1.325,1.32865
20170803,1.3254,1.3292
20170804,1.3159,1.31965
20170807,1.3072,1.31095
20170808,1.305,1.30875
20170809,1.3018,1.30565
20170810,1.3018,1.30565
20170811,1.298,1.30185
20170814,1.2986,1.30245
20170815,1.2892,1.29305
20170816,1.2885,1.29235
20170817,1.2876,1.2915
20170818,1.2902,1.29405
20170821,1.2909,1.2947
20170822,1.2838,1.2876
20170823,1.2817,1.2854
20170824,1.2831,1.2868
20170825,1.2846,1.28835
20170828,1.2907,1.2946
20170829,1.2958,1.2997
20170830,1.2934,1.2972
20170831,1.2885,1.2924
20170901,1.294,1.2977
20170904,1.2958,1.2994
20170905,1.2964,1.3002
20170906,1.3051,1.3089
20170907,1.3097,1.3134
20170908,1.3196,1.3233
20170911,1.3217,1.3254
20170912,1.328,1.3317
20170913,1.3267,1.3303
20170914,1.3208,1.3242
20170915,1.3583,1.3619
20170918,1.3544,1.3581
20170919,1.3537,1.3572
20170920,1.357,1.3607
20170921,1.351,1.3548
20170922,1.3588,1.3625
20170925,1.3514,1.35525
20170926,1.3469,1.3507
20170927,1.3461,1.35
20170928,1.3452,1.3491
20170929,1.3412,1.3449
20171002,1.3341,1.3379
20171003,1.3287,1.3326
20171004,1.331,1.3348
20171005,1.3208,1.32465
20171006,1.3092,1.313
20171009,1.3184,1.32225
20171010,1.3216,1.3255
20171011,1.3221,1.32605
20171012,1.3201,1.3241
20171013,1.3315,1.3354
20171016,1.3325,1.3364
20171017,1.3232,1.3272
20171018,1.3205,1.3245
20171019,1.3185,1.3224
20171020,1.32,1.32395
20171023,1.319,1.3229
20171024,1.3199,1.32385
20171025,1.3263,1.3302
20171026,1.3238,1.3279
20171027,1.3118,1.3157
20171030,1.3182,1.3221
20171031,1.3231,1.327
20171101,1.3325,1.33645
20171102,1.3237,1.32765
20171103,1.308,1.312
20171106,1.3133,1.3172
20171107,1.3164,1.3204
20171108,1.3139,1.31805
20171109,1.3107,1.3149
20171110,1.3165,1.32065
20171113,1.3097,1.3138
20171114,1.3099,1.31405
20171115,1.3177,1.3218
20171116,1.3206,1.325
20171117,1.322,1.3262
20171120,1.326256,1.3305
20171121,1.323,1.32725
20171122,1.3261,1.3304
20171123,1.3314,1.33565
20171124,1.33264482759,1.3369
20171127,1.3358,1.34
20171128,1.3303,1.3345
20171129,1.3415,1.3457
20171130,1.3459,1.3501
20171201,1.3496,1.35395
20171204,1.34337777778,1.3477
20171205,1.3427,1.34715
20171206,1.3384,1.3429
20171207,1.3396,1.3443
20171208,1.3469,1.3517
20171211,1.3388,1.3434
20171212,1.3342,1.3389
20171213,1.3345,1.3396
20171214,1.3443,1.3496
20171215,1.3414,1.3473
20171218,1.3351,1.341
20171219,1.3423,1.3467
20171220,1.3447,1.34915
20171221,1.3423,1.3468
20171222,1.3441,1.3486
20171225,1.3441,1.3486
20171226,1.3414,1.34585
20171227,1.3462,1.3507
20171228,1.3475,1.3518
20171229,1.353,1.3575
20180101,1.353,1.3575
20180102,1.359,1.3635
20180103,1.3608,1.36535
20180104,1.3579,1.36255
20180105,1.357,1.3617
20180108,1.3576,1.3624
20180109,1.3562,1.36085
20180110,1.357,1.36175
20180111,1.3522,1.3567
20180112,1.3642,1.3691
20180115,1.3825,1.3874
20180116,1.3777,1.3826
20180117,1.3826,1.3875
20180118,1.3888,1.3937
20180119,1.39302142857,1.3979
20180122,1.393,1.398
20180123,1.3978,1.4028
20180124,1.4123,1.4172
20180125,1.4288,1.4338
20180126,1.4264,1.4315
20180129,1.4115,1.41645
20180130,1.4109,1.4161
20180131,1.4172,1.4224
20180201,1.4254,1.43065
20180202,1.4242,1.4294
20180205,1.4131,1.4184
20180206,1.3985,1.4037
20180207,1.3895,1.3947
20180208,1.3916,1.397
20180209,1.3917,1.3972
20180212,1.3882,1.39375
20180213,1.3933,1.3988
20180214,1.3889,1.3943
20180215,1.4076,1.41315
20180216,1.4083,1.41385
20180219,1.4043,1.4097
20180220,1.4005,1.40595
20180221,1.3965,1.4021
20180222,1.3898,1.3954
20180223,1.3981,1.4035
20180226,1.4069,1.4124
20180227,1.3977,1.4032
20180228,1.388472,1.39405
20180301,1.3748,1.38045
20180302,1.3797,1.3854
20180305,1.3828,1.3884
20180306,1.3859,1.3916
20180307,1.3881,1.3937
20180308,1.3877,1.3933
20180309,1.3818,1.3874
20180312,1.3865,1.39208571429
20180313,1.3897,1.39540454545
20180314,1.3966,1.4025
20180315,1.3936,1.3995
20180316,1.3962,1.4019
20180319,1.4024,1.4081
20180320,1.4078,1.41345
20180321,1.4111,1.41675
20180322,1.4199,1.4253
20180323,1.4153,1.42085
20180326,1.42738039216,1.43285
20180327,1.416,1.42145
20180328,1.4185,1.42385
20180329,1.4104,1.4157
20180330,1.4104,1.4157
20180402,1.4103,1.4157
20180403,1.4071,1.41252
20180404,1.408,1.4136
20180405,1.4107,1.41625
20180406,1.4055,1.4111
20180409,1.4143,1.41975
20180410,1.4198,1.4253
20180411,1.4234,1.42905
20180412,1.4226,1.4283
20180413,1.4315,1.4373
20180416,1.4335,1.4394
20180417,1.4368,1.4427
20180418,1.4244,1.4302
20180419,1.4253,1.43115
20180420,1.4106,1.41655
20180423,1.3988,1.40485
20180424,1.3974,1.4033
20180425,1.3979,1.404
20180426,1.3994,1.4054
20180427,1.3798,1.38595
20180430,1.3757,1.3818
20180501,1.3724,1.3784
20180502,1.368,1.3741
20180503,1.3613,1.36725
20180504,1.3591,1.365
20180507,1.3553,1.36125
20180508,1.3539,1.3598
20180509,1.3584,1.3642
20180510,1.3613,1.36725
20180511,1.3593,1.3653
20180514,1.361,1.36695
20180515,1.3558,1.3618
20180516,1.3492,1.35525
20180517,1.3513,1.3571
20180518,1.3499,1.3557
20180521,1.3417,1.3477
20180522,1.3471,1.353
20180523,1.3363,1.3423
20180524,1.3418,1.3478
20180525,1.3351,1.3411
20180528,1.3345,1.3405
20180529,1.326,1.3322
20180530,1.3287,1.3347
20180531,1.3337,1.3394
20180601,1.3331,1.339
20180604,1.3394,1.3451
20180605,1.3365,1.3423
20180606,1.3423,1.348
20180607,1.3454,1.35115
20180608,1.3395,1.3451
20180611,1.3359,1.3417
20180612,1.3394,1.345
20180613,1.3332,1.3388
20180614,1.34328717949,1.3488
20180615,1.329,1.3345
20180618,1.3258,1.3312
20180619,1.3228,1.3286
20180620,1.321,1.32675
20180621,1.3185,1.32425
20180622,1.335,1.3405
20180625,1.3306,1.33615
20180626,1.329,1.3346
20180627,1.3256,1.33135
20180628,1.3145,1.32
20180629,1.3184,1.3238
20180702,1.3208,1.32615
20180703,1.3229,1.3283
20180704,1.3253,1.33065
20180705,1.3284,1.33375
20180706,1.3273,1.33255
20180709,1.3375,1.34285
20180710,1.3271,1.33255
20180711,1.3283,1.3338
20180712,1.3238,1.32915
20180713,1.3162,1.3216
20180716,1.3313,1.33665
20180717,1.3275,1.3328
20180718,1.3063,1.3117
20180719,1.3015,1.30685
20180720,1.3064,1.31165
20180723,1.3171,1.3224
20180724,1.3165,1.32165
20180725,1.3191,1.32435
20180726,1.3204,1.32575
20180727,1.3123,1.31765
20180730,1.3135,1.3188
20180731,1.3188,1.3242
20180801,1.3153,1.3208
20180802,1.3105,1.31575
20180803,1.3023,1.3077
20180806,1.2955,1.3008
20180807,1.2985,1.3036
20180808,1.2882,1.29355
20180809,1.2906,1.29585
20180810,1.2787,1.2839
20180813,1.2767,1.282
20180814,1.2788,1.284
20180815,1.2727,1.2778
20180816,1.271,1.27615
20180817,1.2722,1.2773
20180820,1.27629565217,1.2814
20180821,1.2845,1.2897
20180822,1.2901,1.2953
20180823,1.2919,1.2971
20180824,1.2866,1.29175
20180827,1.2855,1.2905
20180828,1.2906,1.2957
20180829,1.2897,1.2949
20180830,1.3023,1.3075
20180831,1.3012,1.3064
20180903,1.2895,1.2945
20180904,1.283,1.2881
20180905,1.283,1.2882
20180906,1.2938,1.2989
20180907,1.3021,1.3074
20180910,1.2936,1.2987
20180911,1.3017,1.307
20180912,1.2987,1.3039
20180913,1.3063,1.3115
20180914,1.31234230769,1.3176
20180917,1.3108,1.316
20180918,1.3191,1.32565
20180919,1.3234,1.32975
20180920,1.3285,1.33485
20180921,1.3239,1.33025
20180924,1.3179,1.3241
20180925,1.3201,1.3265
20180926,1.3197,1.32605
20180927,1.3188,1.3252
20180928,1.3088,1.3152
20181001,1.3083,1.3148
20181002,1.2987,1.3051
20181003,1.3023,1.30865
20181004,1.3023,1.3086
20181005,1.3079,1.31425
20181008,1.3071122449,1.3135
20181009,1.3091,1.3154
20181010,1.3203,1.3267
20181011,1.3245,1.3309
20181012,1.3257,1.3322
20181015,1.3213,1.32775
20181016,1.3254,1.332
20181017,1.3168,1.3234
20181018,1.3162,1.323
20181019,1.3065,1.31325
20181022,1.3062,1.3129
20181023,1.3016,1.3081
20181024,1.295,1.30155
20181025,1.2925,1.29885
20181026,1.282,1.2886
20181029,1.2862,1.2928
20181030,1.2775,1.28405
20181031,1.2768,1.28335
20181101,1.2893,1.2957
20181102,1.3052,1.3115
20181105,1.3047,1.311
20181106,1.3054,1.31195
20181107,1.3191,1.3256
20181108,1.3124,1.3191
20181109,1.3031,1.30965
20181112,1.2869,1.29345
20181113,1.2928,1.2994
20181114,1.2937,1.3001
20181115,1.2817,1.28825
20181116,1.2831,1.2896
20181119,1.2881,1.2943
20181120,1.288,1.29415
20181121,1.2791,1.2854
20181122,1.2908,1.2971
20181123,1.285,1.2912
20181126,1.2863,1.2924
20181127,1.2768,1.28295
20181128,1.2803,1.2865
20181129,1.2773,1.2834
20181130,1.2764,1.2825
20181203,1.2726,1.2791
20181204,1.2825,1.28895
20181205,1.2772,1.28335
20181206,1.2735,1.2797
20181207,1.276,1.2821
20181210,1.2716,1.2778
20181211,1.2614,1.26752142857
20181212,1.2539,1.2599
20181213,1.2659,1.2718
20181214,1.2586,1.2646
20181217,1.261,1.2669
20181218,1.2707,1.2763
20181219,1.2706,1.2762
20181220,1.2753,1.2811
20181221,1.2723,1.2779
20181224,1.27,1.27565
20181225,1.27,1.27565
20181226,1.2734,1.27895
20181227,1.2687,1.2742
20181228,1.2731,1.2787
20181231,1.2787,1.28415
20190101,1.2787,1.28415
20190102,1.2718,1.27735
20190103,1.2614,1.2667
20190104,1.2721,1.27765
20190107,1.2775,1.28305
20190108,1.2802,1.2857
20190109,1.2769,1.2825
20190110,1.2792,1.28475
20190111,1.2863,1.292
20190114,1.2881,1.2938
20190115,1.2883,1.2939
20190116,1.2901,1.2959
20190117,1.2921,1.2978
20190118,1.2983,1.30405
20190121,1.2895,1.2953
20190122,1.295,1.3008
20190123,1.3028,1.3087
20190124,1.3072,1.3131
20190125,1.3109,1.3168
20190128,1.3206,1.32645
20190129,1.3197,1.3257
20190130,1.3129,1.3189
20190131,1.3165,1.3224
20190201,1.3085,1.3145
20190204,1.308,1.3139
20190205,1.304,1.31
20190206,1.2991,1.3049
20190207,1.2923,1.2983
20190208,1.2985,1.3043
20190211,1.2927,1.2987
20190212,1.2873,1.2932
20190213,1.2904,1.29645
20190214,1.2853,1.29125
20190215,1.2832,1.2891
20190218,1.2954,1.3012
20190219,1.2943,1.3
20190220,1.3052,1.3111
20190221,1.3085,1.3143
20190222,1.3034,1.30925
20190225,1.3083,1.3142
20190226,1.3229,1.32895
20190227,1.3229,1.32895
20190228,1.3229,1.32895
20190301,1.3254,1.3314
20190304,1.3227,1.32865
20190305,1.3168,1.3228
20190306,1.3151,1.3211
20190307,1.3165,1.3224
20190308,1.3093,1.3152
20190311,1.2995,1.30539130435
20190312,1.3162,1.3221
20190313,1.3155,1.3214
20190314,1.3235,1.3294
20190315,1.3256,1.3315
20190318,1.3254,1.3313
20190319,1.3353,1.34095
20190320,1.3299,1.3357
20190321,1.319,1.3246
20190322,1.3207,1.32645
20190325,1.3232,1.329
20190326,1.3286,1.33435
20190327,1.3264,1.332
20190328,1.3212,1.3268
20190329,1.3126,1.3182
20190401,1.3155,1.3211
20190402,1.3109,1.31655
20190403,1.322,1.3278
20190404,1.3195,1.3252
20190405,1.3113,1.3171
20190408,1.3101,1.3159
20190409,1.3133,1.3191
20190410,1.3128,1.31855
20190411,1.314,1.3197
20190412,1.3125,1.3183
20190415,1.3152,1.3209
20190416,1.3128,1.31855
20190417,1.3083,1.3142
20190418,1.3045,1.3103
20190419,1.3045,1.3103
20190422,1.3026,1.3083
20190423,1.3045,1.3103
20190424,1.2975,1.30315
20190425,1.2908,1.2965
20190426,1.2944,1.3001
20190429,1.2953,1.3011
20190430,1.3042,1.30995
20190501,1.3097,1.3154
20190502,1.3079,1.3137
20190503,1.3028,1.3086
20190506,1.3138,1.3195
20190507,1.3115,1.3173
20190508,1.3044,1.3101
20190509,1.3009,1.3066
20190510,1.3047,1.3104
20190513,1.3048,1.3105
20190514,1.2974,1.30315
20190515,1.2928,1.2985
20190516,1.2841,1.2898
20190517,1.2776,1.2831
20190520,1.2758,1.2815
20190521,1.2712,1.2769
20190522,1.2685,1.2742
20190523,1.266,1.2717
20190524,1.2705,1.2763
20190527,1.2699,1.2756
20190528,1.2687,1.2745
20190529,1.2655,1.2714
20190530,1.2641,1.2697
20190531,1.259,1.2645
20190603,1.2657,1.2711
20190604,1.2698,1.2753
20190605,1.2715,1.277
20190606,1.2695,1.27475
20190607,1.2722,1.2776
20190610,1.268,1.2732
20190611,1.2705,1.2758
20190612,1.2741,1.2793
20190613,1.2672,1.2724
20190614,1.2642,1.2693
20190617,1.2597,1.2649
20190618,1.2587,1.26275
20190619,1.2638,1.2678
20190620,1.2774,1.2812
20190621,1.271,1.2748
20190624,1.2788,1.28265
20190625,1.2802,1.28395
20190626,1.2737,1.2778
20190627,1.2761,1.28005
20190628,1.2731,1.27695
20190701,1.268,1.272
20190702,1.2668,1.271
20190703,1.2613,1.26545
20190704,1.2616,1.2658
20190705,1.2587,1.2628
20190708,1.2565,1.2611
20190709,1.2507,1.2551
20190710,1.251,1.25555
20190711,1.2598,1.2641
20190712,1.2569,1.26125
20190715,1.2582,1.2626
20190716,1.2454,1.2498
20190717,1.244,1.24835
20190718,1.2512,1.25565
20190719,1.2575,1.2618
20190722,1.2501,1.25455
20190723,1.2492,1.25365
20190724,1.2551,1.2597
20190725,1.2525,1.2572
20190726,1.2457,1.25045
20190729,1.2348,1.23945
20190730,1.2196,1.22435
20190731,1.2192,1.224
20190801,1.2128,1.2175
20190802,1.2129,1.21715
20190805,1.2189,1.223
20190806,1.2208,1.22485
20190807,1.2155,1.2194
20190808,1.2171,1.2212
20190809,1.2111,1.2151
20190812,1.2106,1.21455
20190813,1.2104,1.21435
20190814,1.2113,1.21535
20190815,1.211,1.21495
20190816,1.2175,1.2214
20190818,1.2175,1.2214
20190819,1.2137,1.2176
20190820,1.2088,1.21275
20190821,1.2134,1.2173
20190822,1.2151,1.21915
20190823,1.223,1.22725
20190826,1.2253,1.2295
20190827,1.2266,1.23075
20190828,1.2219,1.226
20190829,1.2208,1.2249
20190830,1.2185,1.22265
20190902,1.2082,1.2123
20190903,1.2041,1.2083
20190904,1.2212,1.2255
20190905,1.2339,1.2383
20190906,1.2299,1.2342
20190909,1.2385,1.2427
20190910,1.2339,1.2382
20190911,1.2349,1.2393
20190912,1.2321,1.2364
20190913,1.2451,1.2493
20190916,1.2451,1.2494
20190917,1.2448,1.2488
20190918,1.2505,1.2545
20190919,1.249,1.2531
20190920,1.2543,1.2583
20190923,1.246,1.2496
20190924,1.2483,1.25225
20190925,1.2455,1.24935
20190926,1.2381,1.24205
20190927,1.2341,1.23815
20190930,1.2337,1.23775
20191001,1.2338,1.23785
20191002,1.2284,1.2323
20191003,1.2326,1.23645
20191004,1.237,1.2406
20191007,1.2361,1.2397
20191008,1.2248,1.22855
20191009,1.2255,1.229
20191010,1.2273,1.23075
20191011,1.2586,1.2622
20191014,1.2581,1.2613
20191015,1.2678,1.2712
20191016,1.2778,1.2815
20191017,1.2907,1.29425
20191018,1.2917,1.2952
20191021,1.3005,1.3042
20191022,1.2984,1.3021
20191023,1.2884,1.2921
20191024,1.2913,1.294
20191025,1.2855,1.289
20191028,1.2851,1.2888
20191029,1.2885,1.2921
20191030,1.2913,1.2949
20191031,1.2961,1.2997
20191101,1.297,1.30045
20191104,1.2931,1.2969
20191105,1.2923,1.2958
20191106,1.2903,1.29375
20191107,1.2879,1.29145
20191108,1.2822,1.28595
20191111,1.2833,1.28705
20191112,1.2846,1.28835
20191113,1.2868,1.2906
20191114,1.2867,1.2905
20191115,1.2883,1.292
20191118,1.2967,1.3005
20191119,1.2942,1.29795
20191120,1.2911,1.29485
20191121,1.2951,1.29885
20191122,1.2889,1.29275
20191125,1.289,1.2928
20191126,1.286,1.2899
20191127,1.289,1.2931
20191128,1.2944,1.2984
20191129,1.2898,1.2938
20191202,1.2905,1.2945
20191203,1.2989,1.3029
20191204,1.3054,1.30915
20191205,1.314,1.3178
20191206,1.3133,1.3171
20191209,1.3169,1.3209
20191210,1.318,1.3219
20191211,1.3155,1.31963333333
20191212,1.3198,1.3238
20191213,1.3393,1.3432
20191216,1.3368,1.3406
20191217,1.3244,1.3276
20191218,1.3136,1.317
20191219,1.3142,1.3173
20191220,1.3083,1.31145
20191223,1.3013,1.3044
20191224,1.2975,1.3007
20191225,1.2975,1.3007
20191226,1.3004,1.3036
20191227,1.3103,1.3134
20191230,1.3146,1.3177
20191231,1.3203,1.3233
20200101,1.3203,1.3233
20200102,1.3238,1.3269
20200103,1.3103,1.31345
20200106,1.318,1.32105
20200107,1.3185,1.3217
20200108,1.3144,1.3177
20200109,1.3067,1.3099
20200110,1.308,1.31145
20200113,1.3008,1.3045
20200114,1.3009,1.30465
20200115,1.3031,1.30695
20200116,1.3084,1.3122
20200117,1.3068,1.31065
20200120,1.3007,1.30455
20200121,1.306,1.3098
20200122,1.3082,1.31205
20200123,1.3152,1.3189
20200124,1.312,1.3158
20200127,1.3115,1.3151
20200128,1.3034,1.30705
20200129,1.3032,1.30695
20200130,1.3027,1.30625
20200131,1.3118,1.315
20200203,1.3074,1.3105
20200204,1.302,1.30518333333
20200205,1.3065,1.3096
20200206,1.2975,1.3005
20200207,1.2942,1.29725
20200210,1.2936,1.2967
20200211,1.2939,1.297
20200212,1.2993,1.3023
20200213,1.2998,1.30295
20200214,1.304,1.3072
20200217,1.3043,1.30735
20200218,1.3038,1.307
20200219,1.2991,1.3022
20200220,1.2888,1.29185
20200221,1.2918,1.2948
20200224,1.2906,1.2935
20200225,1.2977,1.3008
20200226,1.2938,1.29685
20200227,1.2876,1.2904
20200228,1.2889,1.2916
20200302,1.2783,1.28075
20200303,1.2788,1.28115
20200304,1.2782,1.28001428571
20200305,1.2919,1.2936
20200306,1.2997,1.3012
20200309,1.309,1.3101
20200310,1.305,1.3061
20200311,1.2929,1.2941
20200312,1.275,1.2765
20200313,1.2575,1.2596
20200316,1.2289,1.2308
20200317,1.2142,1.2148
20200318,1.2008,1.20145
20200319,1.1541,1.1551
20200320,1.1814,1.18205
20200323,1.1588,1.15975
20200324,1.1806,1.1815
20200325,1.1911,1.1923
20200326,1.1957,1.1967
20200327,1.2294,1.2303
20200330,1.243,1.2437
20200331,1.2376,1.23855
20200401,1.2392,1.24
20200402,1.2457,1.24615
20200403,1.2276,1.2283
20200406,1.2321,1.2328
20200407,1.2306,1.2313
20200408,1.2352,1.23605
20200409,1.2446,1.2454
20200410,1.2446,1.2454
20200413,1.2487,1.25
20200414,1.2554,1.2563
20200415,1.251,1.25165
20200416,1.2498,1.2504
20200417,1.2451,1.24565
20200420,1.2469,1.24745
20200421,1.2342,1.2347
20200422,1.2369,1.23745
20200423,1.2354,1.23595
20200424,1.2362,1.2365
20200427,1.2448,1.24535
20200428,1.2496,1.25015
20200429,1.2403,1.2408
20200430,1.2517,1.25215
20200501,1.2555,1.25585
20200504,1.2408,1.24125
20200505,1.2456,1.24605
20200506,1.2375,1.23805
20200507,1.2373,1.2377
20200508,1.2381,1.2385
20200511,1.2325,1.233
20200512,1.2349,1.2354
20200513,1.2297,1.23015
20200514,1.2203,1.2208
20200515,1.2199,1.2203
20200518,1.2125,1.213
20200519,1.2249,1.2254
20200520,1.2268,1.2272
20200521,1.223,1.2235
20200522,1.2184,1.21885
20200525,1.2183,1.2186
20200526,1.231,1.2313
20200527,1.2335,1.2339
20200528,1.2239,1.22435
20200529,1.2325,1.23295
20200601,1.2385,1.23905
20200602,1.2562,1.25675
20200603,1.2578,1.25835
20200604,1.2531,1.2537
20200605,1.2633,1.2639
20200608,1.2638,1.2643
20200609,1.2644,1.265
20200610,1.2769,1.2776
20200611,1.2684,1.26905555556
20200612,1.262,1.2626
20200615,1.25095,1.2516
20200616,1.2657,1.2663
20200617,1.2576,1.25815
20200618,1.2505,1.2512
20200619,1.2388,1.2392
20200622,1.2388,1.23925
20200623,1.2463,1.2468
20200624,1.2527,1.2532
20200625,1.2448,1.2452
20200626,1.2418,1.24225
20200629,1.2325,1.23305
20200630,1.2274,1.22785
20200701,1.2412,1.24175
20200702,1.2511,1.25155
20200703,1.2463,1.24675
20200706,1.25,1.25045
20200707,1.2501,1.25055
20200708,1.2538,1.25435
20200709,1.2643,1.26475
20200710,1.2617,1.26225
20200713,1.2611,1.26155
20200714,1.2527,1.25325
20200715,1.2631,1.26365
20200716,1.2535,1.25405
20200717,1.2557,1.25615
20200720,1.2607,1.2611
20200721,1.2706,1.27105
20200722,1.2695,1.27005
20200723,1.2714,1.272
20200724,1.2734,1.27395
20200727,1.2874,1.2879
20200728,1.2886,1.289
20200729,1.2968,1.2974
20200730,1.302,1.3025
20200731,1.3138,1.31435
20200803,1.3018,1.3023
20200804,1.3036,1.304
20200805,1.3124,1.3127
20200806,1.3175,1.3179
20200807,1.308116,1.3085
20200810,1.3027,1.3031
20200811,1.3094,1.31
20200812,1.3048,1.30535
20200813,1.3102,1.31075
20200814,1.3107,1.3113
20200817,1.309,1.3095
20200818,1.3163,1.3169
20200819,1.322,1.3224
20200820,1.313,1.3134
20200821,1.3157,1.31625
20200824,1.3118,1.31235
20200825,1.3127,1.3132
20200826,1.3155,1.316
20200827,1.3185,1.319
20200828,1.3305,1.33115
20200831,1.3316,1.33225
20200901,1.3463,1.3469
20200902,1.3365,1.3372
20200903,1.3252,1.3259
20200904,1.3282,1.3289
20200907,1.3151,1.3157
20200908,1.3059,1.3066
20200909,1.2928,1.2935
20200910,1.3023,1.3029
20200911,1.2828,1.2834
20200914,1.2877,1.2883
20200915,1.2919,1.293
20200916,1.2971,1.29805
20200917,1.2965,1.29735
20200918,1.2988,1.2999
20200921,1.2864,1.2875
20200922,1.2863,1.28725
20200923,1.2726,1.27345
20200924,1.2759,1.27665
20200925,1.2716,1.2724
20200928,1.2906,1.29145
20200929,1.28668095238,1.28755
20200930,1.2836,1.28435
20201001,1.2839,1.2847
20201002,1.2921,1.29285
20201005,1.2951,1.29595
20201006,1.2936,1.2939
20201007,1.2869,1.2875
20201008,1.2898,1.292
20201009,1.2952,1.29595
20201012,1.3017,1.303
20201013,1.3058,1.30645
20201014,1.2953,1.2966
20201015,1.2956,1.29635
20201016,1.2895,1.2903
20201019,1.29987894737,1.30065
20201020,1.2956,1.2963
20201021,1.3076,1.30835
20201022,1.3104,1.3109
20201023,1.3078,1.3086
20201026,1.3067,1.30755
20201027,1.304,1.3049
20201028,1.2973,1.2983
20201029,1.2991,1.29985
20201030,1.29795,1.2988
20201102,1.2924,1.29325
20201103,1.2991,1.29985
20201104,1.3002,1.30095
20201105,1.3075,1.30835
20201106,1.3151,1.31595
20201109,1.315,1.31575
20201110,1.3245,1.32535
20201111,1.3261,1.3269
20201112,1.3191,1.32
20201113,1.3183,1.3191
20201116,1.3186,1.31955
20201117,1.3249,1.3258
20201118,1.3293,1.3302
20201119,1.32459230769,1.32555
20201120,1.3264,1.32745
20201123,1.33683684211,1.338
20201124,1.336,1.337
20201125,1.3315,1.3325
20201126,1.3353,1.33635
20201127,1.332,1.3329
20201130,1.3331,1.3343
20201201,1.3356,1.33675
20201202,1.3355,1.33665
20201203,1.3417,1.34295
20201204,1.3465,1.34763333333
20201207,1.3275,1.3286
20201208,1.3352,1.33656666667
20201209,1.3452,1.3466
20201210,1.3307,1.3319
20201211,1.3199,1.321
20201214,1.343,1.3442
20201215,1.3335,1.33415
20201216,1.3516,1.3522
20201217,1.3613,1.3618
20201218,1.3534,1.3539
20201221,1.3248,1.3254
20201222,1.34569166667,1.3463
20201223,1.3447,1.34535
20201224,1.3621,1.36275
20201225,1.3621,1.36275
20201228,1.3508,1.35155
20201229,1.3497,1.3502
20201230,1.3613,1.3619
20201231,1.368,1.3686
20210101,1.368,1.3686
20210104,1.3698,1.3704
20210105,1.3591,1.3597
20210106,1.3662,1.36685
20210107,1.3575,1.35815
20210108,1.359,1.3596
20210111,1.3501,1.3507
20210112,1.3582,1.3589
20210113,1.3676,1.3682
20210114,1.3656,1.3663
20210115,1.3659,1.3665
20210118,1.3544,1.3551
20210119,1.3621,1.3628
20210120,1.3709,1.3717
20210121,1.3736,1.37435
20210122,1.3662,1.36695
20210125,1.3699,1.3706
20210126,1.3657,1.3664
20210127,1.3745,1.37525
20210128,1.3671,1.3677
20210129,1.3695,1.3701
20210201,1.3722,1.3729
20210202,1.3675,1.3681
20210203,1.3644,1.365
20210204,1.3578,1.35835
20210205,1.3686,1.3691
20210208,1.3693,1.3699
20210209,1.3769,1.3775
20210210,1.3843,1.3847
20210211,1.3823,1.3827
20210212,1.3792,1.3797
20210215,1.3907,1.39115
20210216,1.3936,1.394
20210217,1.387,1.3874
20210218,1.3928,1.3933
20210219,1.4004,1.40085
20210222,1.4025,1.4028
20210223,1.4086,1.409
20210224,1.4154,1.41575
20210225,1.4166,1.4169
20210226,1.3889,1.3894
20210301,1.3956,1.396
20210302,1.3894,1.3899
20210303,1.3982,1.3988
20210304,1.3945,1.395
20210305,1.3798,1.3803
20210308,1.3844,1.385
20210309,1.388,1.3885
20210310,1.3891,1.3896
20210311,1.3961,1.3966
20210312,1.393025,1.3934
20210315,1.3932,1.3936
20210316,1.3851,1.38545
20210317,1.3917,1.39205
20210318,1.3989,1.3992
20210319,1.3933,1.3936
20210322,1.3858,1.38605
20210323,1.3771,1.37745
20210324,1.3709,1.37115
20210325,1.372,1.3723
20210326,1.378,1.3784
20210329,1.3834,1.38365
20210330,1.3754,1.3757
20210331,1.3765,1.3768
20210401,1.377825,1.37815
20210402,1.3841,1.38445
20210405,1.3867,1.387
20210406,1.3835,1.3837
20210407,1.3815,1.3818
20210408,1.3742,1.37455
20210409,1.3717,1.37205
20210412,1.3763,1.3766
20210413,1.3735,1.3739
20210414,1.3761,1.3765
20210415,1.3767,1.377
20210416,1.3789,1.37925
20210419,1.3921,1.3925
20210420,1.3974,1.39785
20210421,1.3936,1.394
20210422,1.3904,1.39085
20210423,1.3892,1.3896
20210426,1.3901,1.3905
20210427,1.3914,1.39175
20210428,1.3868,1.3872
20210429,1.3945,1.3949
20210430,1.3909,1.3913
20210503,1.3875,1.38785
20210504,1.388,1.38835
20210505,1.3914,1.39165
20210506,1.3896,1.392
20210507,1.3913,1.3916
20210510,1.4102,1.4103
20210511,1.4127,1.413
20210512,1.4144,1.4147
20210513,1.4023,1.40255
20210514,1.4071,1.4074
20210517,1.4096,1.4098875
20210518,1.419,1.4192
20210519,1.416,1.4163
20210520,1.4128,1.41305
20210521,1.4216,1.4218
20210524,1.4128,1.41305
20210525,1.4158,1.41605
20210526,1.4172,1.41745
20210527,1.4125,1.4125
20210528,1.4177,1.4177
20210531,1.4174,1.4173
20210601,1.4181,1.4182
20210602,1.4125,1.4125
20210603,1.4178,1.4179
20210604,1.4118,1.4119
20210607,1.4149,1.415
20210608,1.4143,1.4144
20210609,1.4174,1.4175
20210610,1.4096,1.4097
20210611,1.416,1.4161
20210614,1.4107,1.4108
20210615,1.4086,1.40875
20210616,1.4118,1.41195
20210617,1.3945,1.3947
20210618,1.3904,1.3904
20210621,1.388,1.38815
20210622,1.388,1.3882
20210623,1.3968,1.397
20210624,1.3976,1.3965
20210625,1.3902,1.39035
20210628,1.3914,1.3915
20210629,1.3843,1.3846
20210630,1.3864,1.38655
20210701,1.3793,1.37945
20210702,1.3742,1.3744
20210705,1.3862,1.3864
20210706,1.385,1.38515
20210707,1.3826,1.3828
20210708,1.3776,1.3778
20210709,1.3812,1.3812
20210712,1.3853,1.38555
20210713,1.3858,1.3861
20210714,1.3865,1.38675
20210715,1.3873,1.3875
20210716,1.3807,1.38095
20210719,1.3708,1.371
20210720,1.362,1.36225
20210721,1.3607,1.361
20210722,1.3762,1.3764
20210723,1.3737,1.37395
20210726,1.3786,1.37885
20210727,1.3794,1.3796
20210728,1.3883,1.3885
20210729,1.396,1.39625
20210730,1.3972,1.3974
20210802,1.3901,1.3902
20210803,1.3936,1.3938
20210804,1.3927,1.3929
20210805,1.3922,1.393
20210806,1.3909,1.39115
20210809,1.388,1.38825
20210810,1.3862,1.3864
20210811,1.3818,1.382
20210812,1.3852,1.3854
20210813,1.38,1.38025
20210816,1.38614782609,1.3865
20210817,1.3793,1.3796
20210818,1.3753,1.3755
20210819,1.3687,1.3689
20210820,1.3621,1.3623
20210823,1.3677,1.3681
20210824,1.372,1.3722
20210825,1.3722,1.3724
20210826,1.3739,1.3741
20210827,1.3706,1.3709
20210830,1.3754,1.3756
20210831,1.3769,1.377
20210901,1.376,1.3762
20210902,1.3793,1.3795
20210903,1.382,1.3821
20210906,1.3836,1.383825
20210907,1.3793,1.37941538462
20210908,1.3765,1.3767
20210909,1.3811,1.3813
20210910,1.38739130435,1.3875
20210913,1.3829,1.383
20210914,1.3871,1.3874
20210915,1.3827,1.3831
20210916,1.3825,1.3829
20210917,1.3795,1.3798
20210920,1.3695,1.36975
20210921,1.3687,1.36905
20210922,1.364,1.3645
20210923,1.3686,1.3689
20210924,1.3698,1.37
20210927,1.37,1.37025
20210928,1.3601,1.36035
20210929,1.3504,1.3506
20210930,1.3434,1.34345
20211001,1.3513,1.35135
20211004,1.3592,1.3591
20211005,1.3626,1.3626
20211006,1.3573,1.3573
20211007,1.3595,1.3595
20211008,1.3629,1.36275
20211011,1.3632,1.3627
20211012,1.3616,1.3613
20211013,1.3623,1.36195
20211014,1.371,1.3707
20211015,1.3745,1.3742
20211018,1.3726,1.3717
20211019,1.3824,1.38165
20211020,1.376,1.3753
20211021,1.3804,1.37955
20211022,1.3784,1.37785
20211025,1.3771,1.3765
20211026,1.3825,1.3823
20211027,1.3712,1.37085
20211028,1.376,1.37555
20211029,1.3785,1.378
20211101,1.3654,1.3649
20211102,1.3637,1.3633
20211103,1.3622,1.3617
20211104,1.3633,1.3628
20211105,1.3444,1.3445
20211108,1.349,1.3492
20211109,1.3588,1.359
20211110,1.3532,1.3533
20211111,1.3387,1.339
20211115,1.3423,1.3425
20211116,1.3444,1.3447
20211117,1.3441,1.34435
20211118,1.3492,1.3494
20211119,1.3431,1.3436
20211122,1.3439,1.3445
20211123,1.3361,1.3366
20211124,1.3356,1.3362
20211125,1.3318,1.3324
20211126,1.3319,1.3326
20211129,1.3354,1.33608333333
20211130,1.3354,1.3363
20211201,1.3317,1.3325
20211202,1.3316,1.3322
20211203,1.3282,1.32860769231
20211206,1.3262,1.3267
20211207,1.3255,1.3261
20211208,1.3214,1.321975
20211209,1.3189,1.3192
20211210,1.3191,1.3195
20211213,1.3251,1.3256
20211214,1.3241,1.3235
20211215,1.3265,1.32585
20211216,1.3288,1.328
20211217,1.329,1.3281
20211220,1.3198,1.31895
20211221,1.3245,1.32365
20211222,1.3313,1.33035
20211223,1.3415,1.34055
20211224,1.3415,1.34055
20211227,1.3406,1.3395
20211228,1.3449,1.3438
20211229,1.3423,1.3413
20211230,1.3479,1.34695
20211231,1.3493,1.3485
20220103,1.3508,1.3498
20220104,1.3497,1.3487
20220105,1.3529,1.35195
20220106,1.35255517241,1.35165
20220107,1.3541,1.3532
20220110,1.3585,1.35775
20220111,1.3601,1.35935
20220112,1.3624,1.3617
20220113,1.3739,1.37325
20220115,1.3739,1.37325
20220117,1.3675,1.3669
20220118,1.3609,1.36035
20220119,1.3627,1.36215
20220120,1.3613,1.3606
20220121,1.3563,1.3557
20220124,1.3494,1.3488
20220125,1.3466,1.346
20220126,1.3509,1.35035
20220127,1.3402,1.3397
20220128,1.3389,1.3385
20220131,1.3436,1.34305
20220201,1.3494,1.34885
20220202,1.3547,1.3541
20220203,1.3543,1.3537
20220204,1.3552,1.3538
20220207,1.3493,1.3482
20220208,1.3552,1.354
20220209,1.3581,1.3571
20220210,1.3567,1.3557
20220211,1.3567,1.3558
20220214,1.3516,1.35055
20220215,1.3549,1.35395
20220216,1.3567,1.35575
20220217,1.361,1.36
20220218,1.36220217391,1.36
20220221,1.3628,1.3618
20220222,1.3571,1.3563
20220223,1.36,1.3594
20220224,1.3423,1.3418
20220225,1.33794230769,1.33738571429
20220228,1.3413,1.3411
20220301,1.3392,1.3388
20220302,1.331825,1.3316
20220303,1.33822727273,1.33725
20220304,1.3311,1.3305
20220307,1.3153,1.3149
20220308,1.312,1.3114
20220309,1.3161,1.3153125
20220310,1.3159,1.3153
20220311,1.3085,1.3079
20220314,1.30395,1.3033
20220315,1.3028,1.3019
20220316,1.3051,1.3043
20220317,1.31761714286,1.3166
20220318,1.3122,1.31195
20220321,1.313,1.31295
20220322,1.3205,1.32075
20220323,1.3213,1.3215
20220324,1.3192,1.31945
20220325,1.3185,1.31905
20220328,1.3153,1.31575
20220329,1.3094,1.3099
20220330,1.3138,1.31435
20220331,1.3115,1.31185
20220401,1.3138,1.3142
20220404,1.3091,1.3097
20220405,1.3123,1.313
20220406,1.3081,1.30895
20220407,1.3069,1.30785
20220408,1.3039,1.3049
20220411,1.3043,1.30525
20220412,1.3011,1.302
20220413,1.2999,1.30065
20220414,1.3132,1.31385
20220415,1.3132,1.31385
20220418,1.3026,1.30335
20220419,1.3027,1.30355
20220420,1.3056,1.30655
20220421,1.3064,1.3074
20220422,1.2907,1.29165
20220425,1.2708,1.2718
20220426,1.2713,1.2726
20220427,1.2588,1.2601
20220428,1.2464,1.2476
20220429,1.2464,1.2476
20220502,1.2568,1.25805
20220503,1.2494,1.25055
20220504,1.252,1.2531
20220505,1.2546,1.257
20220506,1.2375,1.23875
20220509,1.2342,1.23545
20220510,1.2349,1.2362
20220511,1.2339,1.23525
20220512,1.22063333333,1.2218
20220513,1.2199,1.2213
20220516,1.2266,1.2279
20220517,1.2465,1.2477
20220518,1.2398,1.24095
20220519,1.2425,1.2436
20220520,1.2485,1.2497
20220523,1.2581,1.2592
20220524,1.2511,1.2524
20220525,1.2487,1.2501
20220526,1.2617,1.2628
20220527,1.2592,1.2603
20220530,1.2643,1.2653
20220531,1.2592,1.2602
20220601,1.2587,1.25965
20220602,1.255,1.256
20220603,1.2567,1.2577
20220606,1.2554,1.2564
20220607,1.2497,1.2506
20220608,1.2536,1.2546
20220609,1.2534,1.2543
20220610,1.2444375,1.2452
20220613,1.22015,1.2212
20220614,1.2104,1.2129
20220615,1.2111,1.2138
20220616,1.2179,1.2213
20220617,1.2318,1.234
20220620,1.2268,1.22915
20220621,1.2301,1.2324
20220622,1.2271,1.22955
20220623,1.223,1.22555
20220624,1.2323,1.235
20220627,1.2296,1.2323
20220628,1.226,1.22855
20220629,1.2177,1.2203
20220630,1.2126,1.21525
20220701,1.2072,1.20975
20220704,1.2156,1.21825
20220705,1.2042,1.2067
20220706,1.1938,1.19625
20220707,1.20087894737,1.20345
20220708,1.2003,1.2027
20220711,1.1973,1.1999
20220712,1.1861,1.18875
20220713,1.1933,1.19595
20220714,1.1847,1.1877
20220715,1.1857,1.1883
20220718,1.1999,1.2026
20220719,1.2043,1.207
20220720,1.1996,1.20245
20220721,1.1977,1.20055
20220722,1.1973,1.20005
20220725,1.207,1.2097
20220726,1.2016,1.2043
20220727,1.2074,1.2102
20220728,1.2131,1.21585
20220729,1.2196,1.22235
20220801,1.2255,1.2283
20220802,1.2216,1.22435
20220803,1.2193,1.2222
20220804,1.2194,1.2222
20220805,1.2151,1.21775
20220808,1.2115,1.2143
20220809,1.2116,1.2145
20220810,1.2105,1.2134
20220811,1.2214,1.2241
20220812,1.2138,1.21645
20220815,1.2099,1.2125
20220816,1.203,1.2056
20220817,1.2109,1.21305
20220818,1.2059,1.208
20220819,1.1847,1.1869
20220822,1.1809,1.183
20220823,1.1768,1.1788
20220824,1.178,1.1799
20220825,1.1829,1.185
20220826,1.184,1.1861
20220829,1.16969090909,1.1718
20220830,1.1719,1.1739
20220831,1.1617,1.1637
20220901,1.1559,1.1577
20220902,1.1569,1.1587
20220905,1.151,1.1527
20220906,1.1572,1.1588
20220907,1.1445,1.1465
20220908,1.1541,1.156
20220909,1.1615,1.1635
20220912,1.1683,1.1702
20220913,1.1733,1.1752
20220914,1.1561,1.1585
20220915,1.1505,1.1529
20220916,1.140425,1.1428
20220919,1.1378,1.1402
20220920,1.1461,1.1482
20220921,1.1366,1.1386
20220922,1.1374,1.14
20220923,1.1046,1.1067
20220926,1.0728,1.0728
20220927,1.0808,1.0807
20220928,1.0674,1.066
20220929,1.0834,1.0823
20220930,1.1074,1.1071
20221003,1.121,1.1215
20221004,1.136,1.1367
20221005,1.1391,1.1396
20221006,1.12666,1.1266
20221007,1.1208,1.1212
20221010,1.1062,1.1066
20221011,1.1084,1.1088
20221012,1.1092,1.10975
20221013,1.1166,1.1175
20221014,1.1263,1.1279
20221017,1.129,1.131
20221018,1.1272,1.12905
20221019,1.127,1.1289
20221020,1.1232,1.12555
20221021,1.11368571429,1.11615
20221024,1.1319,1.13425
20221025,1.1349,1.13735
20221026,1.158,1.1607
20221027,1.1575,1.16045
20221028,1.1551,1.1579
20221031,1.1559,1.15885
20221101,1.1556,1.15875
20221102,1.1522,1.1555
20221103,1.1279,1.1313
20221104,1.1232,1.12655
20221107,1.1465,1.1499
20221108,1.1467,1.1502
20221109,1.1448,1.1485
20221110,1.1408,1.14425
20221111,1.1735,1.1768
20221114,1.1773,1.1805
20221115,1.1877,1.19095
20221116,1.1935,1.1965
20221117,1.1876,1.1908
20221118,1.192,1.1951
20221121,1.1828,1.186
20221122,1.1873,1.1905
20221123,1.1934,1.19645
20221124,1.21178888889,1.2148
20221125,1.2117,1.2146
20221128,1.20922380952,1.2123
20221129,1.2017,1.2048
20221130,1.1996,1.2025
20221201,1.2147,1.21775
20221202,1.2279,1.2311
20221205,1.2251,1.2281
20221206,1.2178,1.2209
20221207,1.2181,1.22095
20221208,1.2172,1.22015
20221209,1.2257,1.2285
20221212,1.22882307692,1.2316
20221213,1.2283,1.2313
20221214,1.2395,1.2426
20221215,1.2333,1.2363
20221216,1.2176,1.2205
20221219,1.2213,1.2237
20221220,1.2204,1.22235
20221221,1.2158,1.21785
20221222,1.2107,1.21285
20221223,1.2101,1.2122
20221226,1.2101,1.2122
20221227,1.2085,1.21065
20221228,1.2084,1.2106
20221229,1.2055,1.2078
20221230,1.2067,1.20905
20230102,1.2116,1.2197
20230103,1.1928,1.1951
20230104,1.2087,1.2112
20230105,1.2045,1.20705
20230106,1.1874,1.18995
20230109,1.2133,1.21575
20230110,1.21906363636,1.2215
20230111,1.2154,1.2177
20230112,1.2196,1.22215
20230113,1.2248,1.22725
20230116,1.2231,1.2256
20230117,1.223,1.22535
20230118,1.2363,1.23875
20230119,1.235,1.23725
20230120,1.238,1.2403
20230123,1.2386,1.2408
20230124,1.2332,1.2355
20230125,1.2315,1.2339
20230126,1.2408,1.2431
20230127,1.2386,1.24095
20230130,1.2422,1.24455
20230131,1.2325,1.2348
20230201,1.2335,1.2359
20230202,1.2325,1.23505
20230203,1.2265,1.229
20230206,1.2035,1.2061
20230207,1.2003,1.2029
20230208,1.2102,1.21285
20230209,1.2157,1.21845
20230210,1.21187142857,1.21455
20230213,1.2048,1.20735
20230214,1.2195,1.22215
20230215,1.2073,1.20995
20230216,1.2059,1.20865
20230217,1.1944,1.19715
20230220,1.2033,1.2061
20230221,1.2093,1.2119
20230222,1.2085,1.21115
20230223,1.2037,1.2063
20230224,1.2013,1.2038
20230227,1.198,1.2004
20230228,1.2108,1.2131
20230301,1.2054,1.2079
20230302,1.1961,1.1987
20230303,1.1997,1.2022
20230306,1.2011,1.2037
20230307,1.2013,1.204
20230308,1.1838,1.1866
20230309,1.1889,1.1918
20230310,1.1975,1.2006
20230313,1.20665,1.2089
20230314,1.2185,1.21975
20230315,1.2095,1.21025
20230316,1.2075,1.2086
20230317,1.2162,1.218
20230320,1.2249,1.2259
20230321,1.2282,1.22995
20230322,1.231,1.2323
20230323,1.231,1.23205
20230324,1.2223,1.22295
20230327,1.2283,1.22935
20230328,1.2333,1.23435
20230329,1.2366,1.23765
20230330,1.2358,1.23705
20230331,1.2395,1.2408
20230403,1.2384,1.23975
20230404,1.2525,1.2539
20230405,1.2489,1.2501
20230406,1.2478,1.249
20230407,1.2461,1.24725
20230410,1.245,1.2465
20230411,1.2471,1.24855
20230412,1.2426,1.2441
20230413,1.2524,1.25375
20230414,1.2532,1.2546
20230417,1.24236315789,1.2441
20230418,1.2455,1.2472
20230419,1.243,1.24435
20230420,1.245,1.24645
20230421,1.2398,1.24125
20230424,1.2462,1.2476
20230425,1.247,1.2484
20230426,1.2498,1.25115
20230427,1.2481,1.24945
20230428,1.2477,1.24915
20230501,1.2546,1.256
20230502,1.2484,1.24995
20230503,1.2519,1.25325
20230504,1.2583,1.2596
20230505,1.2627,1.2642
20230508,1.2676,1.2692
20230509,1.2631,1.26455
20230510,1.2622,1.2637
20230511,1.2585,1.2602
20230512,1.2545,1.25595
20230515,1.2516,1.25318888889
20230516,1.2543,1.2559
20230517,1.2457,1.2474
20230518,1.2441,1.2459
20230519,1.2438,1.2456
20230522,1.2457,1.2473
20230523,1.2393,1.241
20230524,1.2382,1.2396
20230525,1.2363,1.23795
20230526,1.2385,1.2401
20230529,1.2352,1.2368
20230530,1.2434,1.245
20230531,1.2372,1.23905
20230601,1.2468,1.2485
20230602,1.2532,1.25495
20230605,1.2395,1.2413
20230606,1.2419,1.2436
20230607,1.2458,1.2475
20230608,1.2468,1.2484
20230609,1.2549,1.2566
20230612,1.2578,1.2596
20230613,1.2572,1.2588
20230614,1.2641,1.2657
20230615,1.2668,1.2682
20230616,1.2791,1.2805
20230619,1.2791,1.2805
20230620,1.2778,1.27765
20230621,1.2712,1.2707
20230622,1.2796,1.2784
20230623,1.2723,1.271
20230626,1.2715,1.27015
20230627,1.2738,1.2724
20230628,1.2699,1.2686
20230629,1.2659,1.2648
20230630,1.2651,1.2639
20230703,1.2675,1.2663
20230704,1.2711,1.2699
20230705,1.2702,1.26885
20230706,1.2775,1.2759
20230707,1.2765,1.2751
20230710,1.2792,1.27785
20230711,1.2916,1.2904
20230712,1.2921,1.2909
20230713,1.307,1.3058
20230714,1.3113,1.3102
20230717,1.3082,1.307
20230718,1.3128,1.31160555556
20230719,1.2921,1.2915
20230720,1.29,1.2894
20230721,1.2848,1.2843
20230724,1.2836,1.2831
20230725,1.2841,1.2837
20230726,1.2922,1.292
20230727,1.2961,1.29575
20230728,1.2855,1.2853
20230731,1.287,1.2867
20230801,1.2804,1.28
20230802,1.2785,1.2783
20230803,1.26655,1.2659
20230804,1.2704,1.2705
20230807,1.2734,1.2734
20230808,1.2724,1.2725
20230809,1.2738,1.2739
20230810,1.2773,1.2774
20230811,1.2719,1.2718
20230814,1.2705,1.2706
20230815,1.2713,1.27095
20230816,1.2744,1.274
20230817,1.2752,1.2748
20230818,1.2722,1.2717
20230821,1.2743,1.274
20230822,1.2767,1.2764
20230823,1.2631,1.263
20230824,1.2687,1.2685
20230825,1.2615,1.26145
20230828,1.2585,1.2585
20230829,1.2592,1.2593
20230830,1.2667,1.2665
20230831,1.2681,1.2681
20230901,1.268,1.268
20230904,1.2637,1.26365
20230905,1.2556,1.2554
20230906,1.2552,1.2552
20230907,1.2456,1.2456
20230908,1.2481,1.2482
20230911,1.2516,1.2518
20230912,1.2469,1.247
20230913,1.2478,1.2478
20230914,1.2463,1.2464
20230915,1.2413,1.2414
20230918,1.2401375,1.2401
20230919,1.2394,1.2397
20230920,1.2368,1.2374
20230921,1.2302,1.2308
20230922,1.2251,1.226
20230925,1.2242,1.2252
20230926,1.2189,1.2198
20230927,1.2147,1.2155
20230928,1.2204,1.2211
20230929,1.227,1.2278
20231002,1.2162,1.21705
20231003,1.2061,1.20705
20231004,1.2128,1.2136
20231005,1.2143,1.21515
20231006,1.2217,1.2225
20231009,1.2176,1.21855
20231010,1.2262,1.2271
20231011,1.2296,1.2305
20231012,1.2299,1.23075
20231013,1.2172,1.2181
20231016,1.2155,1.21645
20231017,1.2162,1.2171
20231018,1.2186,1.21945
20231019,1.2124,1.2133
20231020,1.2126,1.21345
20231023,1.2159,1.21675
20231024,1.2215,1.2225
20231025,1.2127,1.2135
20231026,1.2079,1.2088
20231027,1.2128,1.2137
20231030,1.2127,1.21365
20231031,1.2201,1.22105
20231101,1.2142,1.2151
20231102,1.2194,1.2203
20231103,1.2225,1.22325
20231106,1.2419,1.2425
20231107,1.23,1.2308
20231108,1.2258,1.2267
20231109,1.2277,1.2285
20231110,1.2231,1.2239
20231113,1.2254,1.2262
20231114,1.2292,1.2301
20231115,1.2465,1.24735
20231116,1.2409,1.2417
20231117,1.2433,1.2443
20231120,1.2474,1.24815
20231121,1.2545,1.2553
20231122,1.2531,1.254
20231123,1.2552,1.2559
20231124,1.2566,1.2574
20231127,1.2626,1.26345
20231128,1.2638,1.26465
20231129,1.2687,1.2695
20231130,1.2645,1.2654
20231201,1.265,1.266
20231204,1.2668,1.2675
20231205,1.2634,1.2642
20231206,1.2602,1.26105
20231207,1.2588,1.2596875
20231208,1.2582,1.2591
20231211,1.2573,1.25810714286
20231212,1.2575,1.2584
20231213,1.2516,1.2525
20231214,1.2661,1.2669
20231215,1.2781,1.2788
20231218,1.2668,1.2674
20231219,1.2708,1.27105
20231220,1.2661,1.2663
20231221,1.2648,1.26485
20231222,1.2725,1.2726
20231225,1.2725,1.2726
20231226,1.2705,1.27055
20231227,1.2739,1.2739
20231228,1.2802,1.2803
20231229,1.2738,1.27385
20240101,1.2738,1.27385
20240102,1.27,1.27005
20240103,1.2631,1.2634
20240104,1.2712,1.2714
20240105,1.2662,1.26645
20240108,1.2711,1.27135
20240109,1.273,1.27315
20240110,1.2731,1.2733
20240111,1.2751,1.27525
20240112,1.276,1.27615
20240115,1.2736,1.27365
20240116,1.2633,1.2635
20240117,1.2682,1.2683
20240118,1.2697,1.2698
20240119,1.2686,1.2687
20240122,1.2712,1.27145
20240123,1.2716,1.272
20240124,1.2758,1.2759
20240125,1.2739,1.2742
20240126,1.2737,1.2738
20240129,1.2708,1.27105
20240130,1.2682,1.26855
20240131,1.2673,1.2676
20240201,1.2636,1.2639
20240202,1.2769,1.27715
20240205,1.2598,1.2602
20240206,1.2542,1.2546000000000002
20240207,1.2631,1.2635
20240208,1.2623,1.2628000000000001
20240209,1.2609,1.2614
20240212,1.2625,1.2630000000000001
20240213,1.267,1.26755
20240214,1.255,1.2556
20240215,1.2558,1.25645
20240216,1.2591,1.2598
20240219,1.2618,1.2624
20240220,1.2613,1.2617
20240221,1.2624,1.2629000000000001
20240222,1.2681,1.2686
20240223,1.2675,1.2682
20240226,1.2681,1.2687
20240227,1.2685,1.2691000000000001
20240228,1.2651,1.2657
20240229,1.2659,1.2665
20240301,1.2631,1.2636
20240304,1.2676,1.2682
20240305,1.2686,1.2691
20240306,1.2722,1.273
20240307,1.2761,1.2767
20240308,1.2838,1.2843
20240311,1.2848,1.2854
20240312,1.2798,1.2805
20240313,1.2792,1.2798
20240314,1.2811,1.2818
20240315,1.2752,1.2759
20240318,1.2737,1.2744
20240319,1.2687,1.2694
20240320,1.2701,1.2708000000000002
20240321,1.2772,1.2779
20240322,1.2588,1.2596
20240325,1.263,1.2638
20240326,1.2663,1.2670000000000001
20240327,1.2638,1.2645
20240328,1.2619,1.2627000000000002
20240329,1.2619,1.2627000000000002
20240401,1.2617,1.2624
20240402,1.2572,1.2580500000000001
20240403,1.2582,1.25895
20240404,1.2667,1.2674
20240405,1.2639,1.2646000000000002
20240408,1.2639,1.2648000000000001
20240409,1.2692,1.2701
20240410,1.2705,1.2714
20240411,1.2545,1.25535
20240412,1.2475,1.2483
20240415,1.2497,1.2506000000000002
20240416,1.2451,1.2459
20240417,1.2458,1.2466000000000002
20240418,1.2481,1.24895
20240419,1.244,1.2448000000000001
20240422,1.2328,1.2339
20240423,1.2355,1.2365000000000002
20240424,1.2442,1.245
20240425,1.2512,1.252
20240426,1.2515,1.2523
20240429,1.2533,1.25425
20240430,1.2545,1.2555
20240501,1.2488,1.2497
20240502,1.2514,1.2523
20240503,1.2562,1.2570000000000001
20240506,1.2578,1.2587000000000002
20240507,1.2545,1.2555
20240508,1.2498,1.2508000000000001
20240509,1.2491,1.2498500000000001
20240510,1.2534,1.2544
20240513,1.2536,1.2547000000000001
20240514,1.2557,1.2567000000000002
20240515,1.2608,1.2618
20240516,1.2672,1.2682
20240517,1.2652,1.2662
20240520,1.2704,1.2713
20240521,1.2719,1.2728884615384617
20240522,1.2725,1.2732
20240523,1.2726,1.2733
20240524,1.2724,1.2731
20240527,1.2757,1.2763357142857144
20240528,1.278,1.2787000000000002
20240529,1.2747,1.2755
20240530,1.2715,1.2722
20240531,1.2723,1.2729
20240603,1.2714,1.272
20240604,1.2757,1.2763
20240605,1.2773,1.2779
20240606,1.2782,1.2788000000000002
20240607,1.2793,1.2799047619047619
20240610,1.2697,1.2704
20240611,1.2743,1.2751
20240612,1.2762,1.2769
20240613,1.2775,1.2783
20240614,1.2706,1.2714
20240617,1.2668,1.2677
20240618,1.2695,1.2703
20240619,1.2742,1.275
20240620,1.2713,1.2733
20240621,1.264,1.2649000000000001
20240624,1.2672,1.268
20240625,1.2697,1.2705
20240626,1.2664,1.26715
20240627,1.2658,1.26665
20240628,1.2663,1.2671000000000001
20240701,1.2679,1.2687000000000002
20240702,1.2649,1.2657
20240703,1.2707,1.2714
20240704,1.2764,1.2771000000000001
20240705,1.2796,1.2803
20240708,1.2824,1.2833
20240709,1.2822,1.2829000000000002
20240710,1.2816,1.2824
20240711,1.2884,1.2892
20240712,1.2967,1.2973000000000001
20240715,1.2985,1.2991000000000001
20240716,1.2972,1.2977
20240717,1.3039,1.3043
20240718,1.2997,1.3003
20240719,1.2924,1.2930000000000001
20240722,1.2944,1.29485
20240723,1.2908,1.29125
20240724,1.2913,1.2918
20240725,1.2881,1.28855
20240726,1.2878,1.2884
20240729,1.2851,1.28565
20240730,1.2861,1.2867
20240731,1.2847,1.2853
20240801,1.2784,1.27895
20240802,1.2743,1.2749000000000001
20240805,1.2763,1.2763
20240806,1.2694,1.2694
20240807,1.2721,1.2724
20240808,1.2696,1.2697
20240809,1.2751,1.2754
20240812,1.2766,1.2769000000000001
20240813,1.279,1.2793
20240814,1.2848,1.2853
20240815,1.2859,1.2863
20240816,1.2914,1.2919
20240819,1.2954,1.296
20240820,1.3008,1.3015
20240821,1.3045,1.3051000000000001
20240822,1.3124,1.3129
20240823,1.3125,1.3130000000000002
20240826,1.3202,1.3207
20240827,1.3219,1.3225
20240828,1.3221,1.3224
20240829,1.3196,1.32
20240830,1.3175,1.3179
20240902,1.3138,1.3143
20240903,1.3118,1.3123
20240904,1.3115,1.3119
20240905,1.3168,1.3172000000000001
20240906,1.3169,1.3173000000000001
20240909,1.308,1.3085
20240910,1.31,1.310409756097561
20240911,1.3089,1.3094
20240912,1.3052,1.3058
20240913,1.312609677419355,1.313
20240916,1.3193,1.3197
20240917,1.3214,1.3206
20240918,1.3214,1.3205500000000001
20240919,1.3264,1.32575
20240920,1.3282,1.32685
20240923,1.3298,1.3283
20240924,1.3365,1.335