20130101,0
20130102,1.31917272727
20130103,1.30319130435
20130104,1.3076
20130107,1.31309230769
20130108,1.30900285714
20130109,1.3061
20130110,1.328
20130111,1.33475
20130114,1.33836538462
20130115,1.33159473684
20130116,1.3291
20130117,1.33796666667
20130118,1.33205
20130121,1.33154090909
20130122,1.3318
20130123,1.33114814815
20130124,1.33721764706
20130125,1.34635
20130128,1.34518170732
20130129,1.34919625
20130130,1.3571675
20130131,1.36152
20130201,0
20130204,1.3515
20130205,1.35865333333
20130206,1.35257826087
20130207,1.33862125
20130208,1.3372
20130211,1.34051529412
20130212,1.34559375
20130213,1.3447125
20130214,1.3353
20130215,1.33671826923
20130218,1.3351
20130219,1.33979482759
20130220,1.32750833333
20130221,1.3194
20130222,1.31905
20130225,1.3068
20130226,1.30690833333
20130227,1.31569130435
20130228,1.30616153846
20130301,1.302
20130304,1.30360425532
20130305,1.30479756098
20130306,1.29791111111
20130307,1.31087307692
20130308,1.3001
20130311,1.30329642857
20130312,1.30309583333
20130313,1.29592222222
20130314,1.30126666667
20130315,1.30835
20130318,1.29521290323
20130319,1.28739354839
20130320,1.29478823529
20130321,1.2911725
20130322,1.29979473684
20130325,1.28650833333
20130326,1.28680704225
20130327,1.27820348837
20130328,1.28245
20130329,0
20130401,1.28556
20130402,1.28254166667
20130403,1.28553142857
20130404,1.29320833333
20130405,1.300175
20130408,1.3035
20130409,1.3086
20130410,1.30578
20130411,1.31219166667
20130412,1.31155
20130415,1.30589215686
20130416,1.3183
20130417,1.30387272727
20130418,1.30573030303
20130419,1.30555
20130422,1.30640142857
20130423,1.2998974359
20130424,1.302
20130425,1.300805
20130426,1.303
20130429,1.30986
20130430,1.3172038961
20130501,1.31836285714
20130502,1.30691111111
20130503,1.3119
20130506,1.30762647059
20130507,1.30787586207
20130508,1.31631290323
20130509,1.303453125
20130510,1.2996
20130513,1.2989875
20130514,1.2939
20130515,1.288456
20130516,1.2885875
20130517,1.28431363636
20130520,1.28921578947
20130521,1.29218333333
20130522,1.28436481481
20130523,1.29241142857
20130524,1.29339230769
20130527,1.29356956522
20130528,1.2846
20130529,1.2947875
20130530,1.30430819672
20130531,1.29955
20130603,1.30716111111
20130604,1.30727058824
20130605,1.30877692308
20130606,1.3243137931
20130607,1.3218
20130610,1.32532777778
20130611,1.33123333333
20130612,1.33451944444
20130613,1.33589761905
20130614,1.3351
20130617,1.33685
20130618,1.339908
20130619,1.328775
20130620,1.32337209302
20130621,1.3131
20130624,1.31400441176
20130625,1.3080325
20130626,1.302
20130627,1.3041
20130628,1.3014
20130701,1.30715
20130702,1.29784074074
20130703,1.3025
20130704,1.28968695652
20130705,1.28375
20130708,1.28646666667
20130709,1.27796666667
20130710,1.312
20130711,1.30905238095
20130712,1.30715
20130715,1.3061902439
20130716,1.31519508197
20130717,1.31198571429
20130718,1.31116666667
20130719,1.3144
20130722,1.31935
20130723,1.3224125
20130724,1.31930243902
20130725,1.32768684211
20130726,1.3282
20130729,1.32656
20130730,1.3268
20130731,1.33024
20130801,1.32134615385
20130802,1.328
20130805,1.32590860215
20130806,1.33089111111
20130807,1.334264
20130808,1.33810833333
20130809,1.33415
20130812,1.329376
20130813,1.32667619048
20130814,1.32660923077
20130815,1.33522631579
20130816,1.332635
20130819,1.3335547619
20130820,1.34220208333
20130821,1.33428571429
20130822,1.335675
20130823,1.338
20130826,1.33796666667
20130827,1.33919268293
20130828,1.33351590909
20130829,1.32372857143
20130830,1.3217
20130902,1.319
20130903,1.31727058824
20130904,1.31998378378
20130905,1.31208
20130906,1.31815
20130909,1.3256
20130910,1.32676111111
20130911,1.33137142857
20130912,1.3298
20130913,1.33035
20130916,1.33394
20130917,1.336025
20130918,1.35274
20130919,1.35364117647
20130920,1.3533
20130923,1.34999444444
20130924,1.3475
20130925,1.3519057971
20130926,1.349
20130927,1.3526
20130930,1.352608
20131001,1.35251724138
20131002,1.35924594595
20131003,1.3625
20131004,1.356
20131007,1.35838461538
20131008,1.36026
20131009,1.3522
20131010,1.35292857143
20131011,1.3546
20131014,1.35597142857
20131015,1.35233846154
20131016,1.35242173913
20131017,1.36703571429
20131018,1.36865
20131021,1.36746470588
20131022,1.37800133333
20131023,1.378
20131024,1.38035652174
20131025,1.3807
20131028,1.37897368421
20131029,1.3744
20131030,1.37241754386
20131031,1.35800465116
20131101,1.34905
20131104,1.35162295082
20131105,1.3473125
20131106,1.351864
20131107,1.341
20131108,1.33681875
20131111,1.34086240602
20131112,1.34387575758
20131113,1.34856296296
20131114,1.34471818182
20131115,1.3496
20131118,1.35038837209
20131119,1.35645384615
20131120,1.3430952381
20131121,1.34711666667
20131122,1.35585
20131125,1.3534
20131126,1.35672105263
20131127,1.35734324324
20131128,1.3602875
20131129,1.35882222222
20131202,1.35422083333
20131203,1.35920833333
20131204,1.35856842105
20131205,1.36689878049
20131206,1.37075
20131209,1.37370769231
20131210,1.37647083333
20131211,1.37852272727
20131212,1.375
20131213,1.37411333333
20131216,1.3759
20131217,1.37675625
20131218,1.368188
20131219,1.36550172414
20131220,1.3672
20131223,1.36962142857
20131224,1.36787948718
20131225,0
20131226,1.36937033898
20131227,1.3745
20131230,1.3807875
20131231,1.3747
20140101,0
20140102,1.36650888889
20140103,1.35874166667
20140106,1.36292727273
20140107,1.36171369863
20140108,1.35708571429
20140109,1.36057142857
20140110,1.36676666667
20140113,1.36688
20140114,1.36663939394
20140115,1.3598
20140116,1.36144444444
20140117,1.35322777778
20140120,1.35446923077
20140121,1.35568717949
20140122,1.3543
20140123,1.36874857143
20140124,1.36775
20140127,1.36733636364
20140128,1.36533529412
20140129,1.36573157895
20140130,1.3557
20140131,1.3486
20140203,1.3522
20140204,1.35158064516
20140205,1.35338
20140206,1.35912571429
20140207,1.36355
20140210,1.36446
20140211,1.36363432836
20140212,1.35876666667
20140213,1.3676
20140214,1.36986428571
20140217,1.37038611111
20140218,1.37600461538
20140219,1.37297857143
20140220,1.37203243243
20140221,1.3739
20140224,1.37342352941
20140225,1.37454166667
20140226,1.3681
20140227,1.3706825
20140228,1.38
20140303,1.37354827586
20140304,1.37418947368
20140305,1.37317777778
20140306,1.38637916667
20140307,1.3877
20140310,1.38757818182
20140311,1.385675
20140312,1.39026956522
20140313,1.3865
20140314,1.3912
20140317,1.3924
20140318,1.39279736842
20140319,1.381665
20140320,1.3777
20140321,1.37935
20140324,1.38347777778
20140325,1.3818
20140326,1.37835945946
20140327,1.37392380952
20140328,1.37523333333
20140331,1.37724255319
20140401,1.3792
20140402,1.3765
20140403,1.37208032787
20140404,1.3702
20140407,1.37401111111
20140408,1.37910606061
20140409,1.38509215686
20140410,1.38845172414
20140411,1.3884
20140414,1.3814
20140415,1.380903125
20140416,1.38226071429
20140417,1.3812
20140418,0
20140421,1.379
20140422,1.38053333333
20140423,1.38155774648
20140424,1.38285333333
20140425,1.3832
20140428,1.38506037736
20140429,1.381162
20140430,1.38669
20140501,1.3868525
20140502,1.38735
20140505,1.3874
20140506,1.39277407407
20140507,1.39092777778
20140508,1.38412857143
20140509,1.3758
20140512,1.3754
20140513,1.37063414634
20140514,1.37162
20140515,1.37154516129
20140516,1.36919807692
20140519,1.37116666667
20140520,1.3702
20140521,1.36802
20140522,1.36520588235
20140523,1.36265555556
20140526,1.3651
20140527,1.36331428571
20140528,1.3592
20140529,1.360275
20140530,1.36325
20140602,1.3596
20140603,1.36209756098
20140604,1.36028717949
20140605,1.36608709677
20140606,1.36415
20140609,1.35921
20140610,1.3539
20140611,1.35356923077
20140612,1.3551
20140613,1.3544
20140616,1.3581
20140617,1.35536111111
20140618,1.3594
20140619,1.3614
20140620,1.360384
20140623,1.36034583333
20140624,1.360959375
20140625,1.36316724138
20140626,1.36151267606
20140627,1.3653
20140630,1.36951818182
20140701,1.3684
20140702,1.3656877193
20140703,1.36120357143
20140704,1.3597
20140707,1.36098676471
20140708,1.362035
20140709,1.3647
20140710,1.36078484848
20140711,1.3611
20140714,1.3624442623
20140715,1.35731607143
20140716,1.3531
20140717,1.35212
20140718,1.35285
20140721,1.35246872247
20140722,1.34680138889
20140723,1.34627419355
20140724,1.34661956522
20140725,1.3431
20140728,1.34389032258
20140729,1.34116538462
20140730,1.3396601626
20140731,1.33908615385
20140801,1.3433
20140804,1.3423
20140805,1.33734814815
20140806,1.33819916667
20140807,1.33588396947
20140808,1.34138571429
20140811,1.33839760956
20140812,1.33668888889
20140813,1.33670588235
20140814,1.3363
20140815,1.340295
20140818,1.3362
20140819,1.3322
20140820,1.32605098039
20140821,1.32797875
20140822,1.3244
20140825,1.31875846154
20140826,1.31699270833
20140827,1.3193
20140828,1.31850862069
20140829,1.3141
20140901,1.31320461538
20140902,1.3132
20140903,1.31489779006
20140904,1.29309417476
20140905,1.29526666667
20140908,1.2892
20140909,1.29416911765
20140910,1.2917
20140911,1.29230136986
20140912,1.29755
20140915,1.2948
20140916,1.2967
20140917,1.2858
20140918,1.2928
20140919,1.28358541667
20140922,1.2858
20140923,1.2856
20140924,1.27834848485
20140925,1.2761825
20140926,1.2689
20140929,1.26969326923
20140930,1.26347
20141001,1.26287454545
20141002,1.26749444444
20141003,1.252
20141006,1.26498839286
20141007,1.26708382353
20141008,1.2746
20141009,1.26930891089
20141010,1.2636047619
20141013,1.2727
20141014,1.2646025
20141015,1.28258888889
20141016,1.2809
20141017,1.2762
20141020,1.2799
20141021,1.271708
20141022,1.26453333333
20141023,1.26531785714
20141024,1.26731428571
20141027,1.27059756098
20141028,1.27409666667
20141029,1.2635
20141030,1.26128235294
20141031,1.25256875
20141103,1.24956486486
20141104,1.2555
20141105,1.24802352941
20141106,1.23833571429
20141107,1.246025
20141110,1.24290833333
20141111,1.24786363636
20141112,1.24325217391
20141113,1.2476
20141114,1.25276
20141117,1.24528795181
20141118,1.25348181818
20141119,1.25420617284
20141120,1.25451470588
20141121,1.238975
20141124,1.24353571429
20141125,1.24810769231
20141126,1.2506
20141127,1.24610625
20141128,1.2434
20141201,1.24712039474
20141202,1.2388990566
20141203,1.231572
20141204,1.23861363636
20141205,1.2288
20141208,1.23158529412
20141209,1.23887777778
20141210,1.2481
20141211,1.2394
20141212,1.24685
20141215,1.24473666667
20141216,1.25182884615
20141217,1.23456666667
20141218,1.22985
20141219,1.2238
20141222,1.2232
20141223,1.2184
20141224,1.2197
20141225,0
20141226,1.21870285714
20141229,1.21618135593
20141230,1.21690714286
20141231,1.21045
20150101,0
20150102,1.2009
20150105,1.1945
20150106,1.18798481013
20150107,1.18402857143
20150108,1.17982777778
20150109,1.1849
20150112,1.18380933333
20150113,1.17835555556
20150114,1.17903333333
20150115,1.16423571429
20150116,1.157225
20150119,1.1601
20150120,1.1551
20150121,1.162
20150122,1.1351
20150123,1.12085
20150126,1.125418
20150127,1.13725294118
20150128,1.1288
20150129,1.13381578947
20150130,1.12920217391
20150202,1.1343
20150203,1.14610833333
20150204,1.132075
20150205,1.1474625
20150206,1.1316
20150209,1.13288611111
20150210,1.1323
20150211,1.13144444444
20150212,1.14074615385
20150213,1.14
20150216,1.1336
20150217,1.14071111111
20150218,1.1402625
20150219,1.13684444444
20150220,1.13805
20150223,1.13364666667
20150224,1.1342
20150225,1.1366
20150226,1.12041578947
20150227,1.12005
20150302,1.1178125
20150303,1.1184
20150304,1.108
20150305,1.1032575
20150306,1.08435
20150309,1.08354893617
20150310,1.0708
20150311,1.0548
20150312,1.0627
20150313,1.0508
20150316,1.05831176471
20150317,1.06065
20150318,1.086
20150319,1.0681
20150320,1.0835
20150323,1.09558965517
20150324,1.0917
20150325,1.09743461538
20150326,1.0896
20150327,1.0902
20150330,1.08403076923
20150331,1.07501111111
20150401,1.078
20150402,1.088
20150403,1.0999
20150406,1.09445555556
20150407,1.083115
20150408,1.07937407407
20150409,1.06750833333
20150410,1.06115
20150413,1.05803684211
20150414,1.06558125
20150415,1.0685
20150416,1.07665384615
20150417,1.08158
20150420,1.0756673913
20150421,1.07461363636
20150422,1.073115
20150423,1.0820826087
20150424,1.08815
20150427,1.08832716049
20150428,1.09741428571
20150429,1.1118
20150430,1.1218
20150501,1.1201
20150504,1.1155
20150505,1.11854358974
20150506,1.13449821429
20150507,1.1250125
20150508,1.1212
20150511,1.11503589744
20150512,1.1224
20150513,1.13515238095
20150514,1.14064736842
20150515,1.14525
20150518,1.13286585366
20150519,1.11464285714
20150520,1.11043488372
20150521,1.11121707317
20150522,1.10165454545
20150525,1.09715135135
20150526,1.08894117647
20150527,1.09004090909
20150528,1.09646
20150529,1.09935
20150601,1.09238888889
20150602,1.11506153846
20150603,1.12626923077
20150604,1.12082727273
20150605,1.1115
20150608,1.12816428571
20150609,1.12932
20150610,1.13103636364
20150611,1.12462222222
20150612,1.128
20150615,1.12892692308
20150616,1.12550740741
20150617,1.13762432432
20150618,1.13844230769
20150619,1.1363
20150622,1.13578909091
20150623,1.11860816327
20150624,1.12175333333
20150625,1.12141764706
20150626,1.1179
20150629,1.12315555556
20150630,1.1155
20150701,1.10475789474
20150702,1.10965263158
20150703,1.1081
20150706,1.10585
20150707,1.10184230769
20150708,1.108135
20150709,1.10707435897
20150710,1.11655
20150713,1.0992
20150714,1.10152777778
20150715,1.09465263158
20150716,1.08918148148
20150717,1.0837
20150720,1.08413636364
20150721,1.09444666667
20150722,1.09318059701
20150723,1.09947647059
20150724,1.09885
20150727,1.10958684211
20150728,1.10714166667
20150729,1.0988
20150730,1.094616
20150731,1.09915
20150803,1.0956125
20150804,1.0891
20150805,1.09085652174
20150806,1.09272903226
20150807,1.09715
20150810,1.10203793103
20150811,1.10463571429
20150812,1.11600526316
20150813,1.11628461538
20150814,1.1112
20150817,1.10793703704
20150818,1.10336666667
20150819,1.11218571429
20150820,1.12384545455
20150821,1.13905
20150824,1.1584
20150825,1.15566666667
20150826,1.1341
20150827,1.12453181818
20150828,1.11875
20150831,1.12266538462
20150901,1.12973333333
20150902,1.12132692308
20150903,1.11253888889
20150904,1.11575
20150907,1.11606
20150908,1.12071071429
20150909,1.1219
20150910,1.1283
20150911,1.13555
20150914,1.1326
20150915,1.1288
20150916,1.130845
20150917,1.1417037037
20150918,1.1315
20150921,1.12038431373
20150922,1.11355263158
20150923,1.12024074074
20150924,1.1194
20150925,1.12145
20150928,1.12426315789
20150929,1.12667352941
20150930,1.11835555556
20151001,1.12045625
20151002,1.1221
20151005,1.12061388889
20151006,1.1279
20151007,1.12485098039
20151008,1.1294875
20151009,1.1368
20151012,1.136240625
20151013,1.13936666667
20151014,1.14838375
20151015,1.137596
20151016,1.1359
20151019,1.13372352941
20151020,1.1363
20151021,1.13542413793
20151022,1.10897352941
20151023,1.10245
20151026,1.10662058824
20151027,1.104
20151028,1.0930826087
20151029,1.09957586207
20151030,1.1013
20151102,1.10207777778
20151103,1.0968
20151104,1.0869
20151105,1.0889
20151106,1.0744
20151109,1.07635
20151110,1.07415357143
20151111,1.07673333333
20151112,1.0812
20151113,1.0776
20151116,1.06919090909
20151117,1.06467142857
20151118,1.06744193548
20151119,1.07292083333
20151120,1.0646
20151123,1.064
20151124,1.06461935484
20151125,1.06253529412
20151126,1.06088292683
20151127,1.0605
20151130,1.0572
20151201,1.06282631579
20151202,1.06128181818
20151203,1.09192941176
20151204,1.0884
20151207,1.0835
20151208,1.08934285714
20151209,1.10156428571
20151210,1.0947
20151211,1.10175
20151214,1.10192941176
20151215,1.09623928571
20151216,1.09010052083
20151217,1.086875
20151218,1.08935
20151221,1.0937
20151222,1.09742777778
20151223,1.09313939394
20151224,1.0976
20151225,0
20151228,1.09977894737
20151229,1.09452962963
20151230,1.09547037037
20151231,1.0877
20160101,0
20160104,1.08425925926
20160105,1.07685555556
20160106,1.0794
20160107,1.09433529412
20160108,1.09405
20160111,1.0873
20160112,1.08601111111
20160113,1.09015
20160114,1.0873
20160115,1.093325
20160118,1.09076666667
20160119,1.09255
20160120,1.0888
20160121,1.08715
20160122,1.081025
20160125,1.0865
20160126,1.0874
20160127,1.0914
20160128,1.09468333333
20160129,1.0845
20160201,1.09065
20160202,1.0929
20160203,1.1103
20160204,1.12095
20160205,1.117
20160208,1.1199
20160209,1.12975
20160210,1.1292125
20160211,1.132425
20160212,1.126325
20160215,1.1184
20160216,1.11505
20160217,1.11266
20160218,1.1114
20160219,1.113575
20160222,1.10307857143
20160223,1.10285
20160224,1.10185
20160225,1.1027
20160226,1.093775
20160229,1.088925
20160301,1.0879
20160302,1.08715
20160303,1.0948
20160304,1.10095
20160307,1.1014
20160308,1.1001
20160309,1.09865
20160310,1.117775
20160311,1.11805
20160314,1.1131
20160315,1.11370357143
20160316,1.12445
20160317,1.13439545455
20160318,1.129875
20160321,1.1263
20160322,1.12475
20160323,1.12035
20160324,1.11995
20160325,0
20160328,1.122608
20160329,1.13145
20160330,1.13575
20160331,1.14033235294
20160401,1.141725
20160404,1.14098076923
20160405,1.14034
20160406,1.1421925
20160407,1.13888214286
20160408,1.141875
20160411,1.143075
20160412,1.14035
20160413,1.12973461538
20160414,1.12837777778
20160415,1.130325
20160418,1.13258461538
20160419,1.13764642857
20160420,1.13195
20160421,1.13065
20160422,1.1243
20160425,1.12824137931
20160426,1.13115
20160427,1.1341
20160428,1.13715
20160429,1.1462
20160502,1.15373181818
20160503,1.151455
20160504,1.15034615385
20160505,1.14122083333
20160506,1.1414
20160509,1.139465
20160510,1.138409375
20160511,1.14339833333
20160512,1.1384
20160513,1.131625
20160516,1.1324
20160517,1.13225
20160518,1.1227
20160519,1.1209
20160520,1.12300769231
20160523,1.12195
20160524,1.11415
20160525,1.116
20160526,1.11965
20160527,1.111775
20160530,1.11518636364
20160531,1.1138
20160601,1.11906
20160602,1.1154
20160603,1.13695
20160606,1.1365
20160607,1.13578333333
20160608,1.1404
20160609,1.131
20160610,1.12885
20160613,1.1326
20160614,1.1249
20160615,1.12988333333
20160616,1.13039705882
20160617,1.131275
20160620,1.13575
20160621,1.12855
20160622,1.13613611111
20160623,1.136825
20160624,1.11425
20160627,1.1047
20160628,1.1107
20160629,1.11525
20160630,1.11330625
20160701,1.117
20160704,1.11735
20160705,1.10931428571
20160706,1.11265
20160707,1.10925
20160708,1.107925
20160711,1.10845
20160712,1.1088
20160713,1.112125
20160714,1.113275
20160715,1.10595
20160718,1.10949666667
20160719,1.103925
20160720,1.10415
20160721,1.105675
20160722,1.100125
20160725,1.10135
20160726,1.10115
20160727,1.109
20160728,1.1105
20160729,1.119725
20160801,1.11885
20160802,1.1239
20160803,1.117
20160804,1.11537241379
20160805,1.110675
20160808,1.1103
20160809,1.1135
20160810,1.12015
20160811,1.1153725
20160812,1.11745
20160815,1.11963421053
20160816,1.129
20160817,1.1312
20160818,1.13598928571
20160819,1.1337
20160822,1.13288636364
20160823,1.1313125
20160824,1.12713
20160825,1.12962
20160826,1.120525
20160829,1.1199
20160830,1.1158
20160831,1.11621538462
20160901,1.1204375
20160902,1.116075
20160905,1.11555
20160906,1.1250375
20160907,1.12412727273
20160908,1.12711428571
20160909,1.123725
20160912,1.12427380952
20160913,1.1221
20160914,1.12463846154
20160915,1.124725
20160916,1.11995
20160919,1.12185833333
20160920,1.11945
20160921,1.12288529412
20160922,1.12477678571
20160923,1.126375
20160926,1.129
20160927,1.12577321429
20160928,1.125994
20160929,1.12545
20160930,1.128
20161003,1.1247375
20161004,1.1244
20161005,1.12385
20161006,1.1173
20161007,1.123025
20161010,1.11707857143
20161011,1.10865
20161012,1.10388461538
20161013,1.10767083333
20161014,1.09995
20161017,1.10389444444
20161018,1.10015
20161019,1.09995454545
20161020,1.0954
20161021,1.09085
20161024,1.0897
20161025,1.09101666667
20161026,1.0932
20161027,1.09192777778
20161028,1.100925
20161031,1.09925
20161101,1.10760833333
20161102,1.11134444444
20161103,1.1118125
20161104,1.115875
20161107,1.10669
20161108,1.1034
20161109,1.09345
20161110,1.09015
20161111,1.08695
20161114,1.07588333333
20161115,1.073775
20161116,1.07185
20161117,1.0633
20161118,1.0601
20161121,1.06475
20161122,1.06435
20161123,1.05515
20161124,1.0569
20161125,1.06085
20161128,1.0627
20161129,1.0655
20161130,1.0597
20161201,1.06685
20161202,1.067325
20161205,1.0762
20161206,1.07235
20161207,1.0763
20161208,1.06243888889
20161209,1.056475
20161212,1.06445
20161213,1.06301111111
20161214,1.0513
20161215,1.041725
20161216,1.04955
20161219,1.04485769231
20161220,1.04368333333
20161221,1.04701666667
20161222,1.04815
20161223,1.0501
20161226,1.0499
20161227,1.0505375
20161228,1.04505689655
20161229,1.060325
20161230,1.05525
20170102,1.04915
20170103,1.045025
20170104,1.05275
20170105,1.06340833333
20170106,1.056125
20170109,1.06145
20170110,1.05795
20170111,1.06201666667
20170112,1.0641
20170113,1.066925
20170116,1.06265
20170117,1.072075
20170118,1.0651
20170119,1.0682
20170120,1.0725
20170123,1.07808333333
20170124,1.0749
20170125,1.07715
20170126,1.07025
20170127,1.07165
20170130,1.07245
20170131,1.08173333333
20170201,1.07845
20170202,1.07761428571
20170203,1.079925
20170206,1.07575
20170207,1.06915
20170208,1.0703
20170209,1.06685
20170210,1.065275
20170213,1.06089615385
20170214,1.0588
20170215,1.06118636364
20170216,1.068
20170217,1.062425
20170220,1.06166666667
20170221,1.05486428571
20170222,1.0557
20170223,1.05899464286
20170224,1.056625
20170227,1.0589
20170228,1.05735
20170301,1.05395
20170302,1.05105555556
20170303,1.06278571429
20170306,1.05815
20170307,1.05713571429
20170308,1.0546
20170309,1.05795
20170310,1.0724
20170313,1.06998068182
20170314,1.0661
20170315,1.07865227273
20170316,1.08203333333
20170317,1.0789
20170320,1.07847058824
20170321,1.08595
20170322,1.08359615385
20170323,1.08284333333
20170324,1.084275
20170327,1.09032142857
20170328,1.08585666667
20170329,1.07975
20170330,1.07255
20170331,1.0692
20170403,1.07073611111
20170404,1.07146071429
20170405,1.07065
20170406,1.06782142857
20170407,1.06245625
20170410,1.06317
20170411,1.06421578947
20170412,1.07015
20170413,1.064475
20170414,0
20170417,1.06750740741
20170418,1.07587647059
20170419,1.07438076923
20170420,1.07425
20170421,1.0759
20170424,1.08925333333
20170425,1.0955
20170426,1.0934
20170427,1.08904090909
20170428,1.091975
20170501,1.09335
20170502,1.09594
20170503,1.09117105263
20170504,1.10027333333
20170505,1.102175
20170508,1.09471875
20170509,1.09065
20170510,1.08857608696
20170511,1.08828421053
20170512,1.09495
20170515,1.09975
20170516,1.111045
20170517,1.11696785714
20170518,1.112575
20170519,1.12235740741
20170522,1.12518333333
20170523,1.11928611111
20170524,1.12425
20170525,1.12219117647
20170526,1.119275
20170529,1.11397857143
20170530,1.11830714286
20170531,1.12481470588
20170601,1.12208181818
20170602,1.129125
20170605,1.12643636364
20170606,1.12768181818
20170607,1.12606
20170608,1.11928571429
20170609,1.12005
20170612,1.12005789474
20170613,1.12116538462
20170614,1.12141666667
20170615,1.11495
20170616,1.12525
20170619,1.11985483871
20170620,1.11905
20170621,1.121828125
20170622,1.12007222222
20170623,1.12435
20170626,1.12327777778
20170627,1.13873888889
20170628,1.1425875
20170629,1.14852
20170630,1.147175
20170703,1.14168125
20170704,1.1403
20170705,1.13885
20170706,1.14635
20170707,1.14425
20170710,1.1437
20170711,1.15146875
20170712,1.14574090909
20170713,1.1442
20170714,1.1506
20170717,1.15108214286
20170718,1.15853780488
20170719,1.15632692308
20170720,1.16627727273
20170721,1.16985
20170724,1.1672
20170725,1.16774347826
20170726,1.17625
20170727,1.17202058824
20170728,1.177975
20170731,1.1850825
20170801,1.18395
20170802,1.18782
20170803,1.19085
20170804,1.18000217391
20170807,1.18245
20170808,1.17783928571
20170809,1.17852692308
20170810,1.17915833333
20170811,1.1844
20170814,1.17965
20170815,1.17615
20170816,1.1792
20170817,1.17332368421
20170818,1.177675
20170821,1.18273636364
20170822,1.17774166667
20170823,1.183
20170824,1.1811125
20170825,1.1937
20170828,1.19763214286
20170829,1.19815
20170830,1.18996764706
20170831,1.19182142857
20170901,1.186825
20170904,1.19005833333
20170905,1.1931
20170906,1.19315
20170907,1.20327272727
20170908,1.2038
20170911,1.19615
20170912,1.1974
20170913,1.18891428571
20170914,1.19215
20170915,1.200425
20170918,1.2017
20170919,1.20495
20170920,1.1929
20170921,1.19989042553
20170922,1.2
20170925,1.19102142857
20170926,1.1837
20170927,1.17995
20170928,1.18302
20170929,1.18625
20171002,1.17796666667
20171003,1.1794
20171004,1.1800375
20171005,1.17578888889
20171006,1.177825
20171009,1.17839166667
20171010,1.185642
20171011,1.19053055556
20171012,1.18710714286
20171013,1.186
20171016,1.18326
20171017,1.18086
20171018,1.18303448276
20171019,1.18837272727
20171020,1.181925
20171023,1.17893461538
20171024,1.17936764706
20171025,1.18512692308
20171026,1.16685666667
20171027,1.16385
20171030,1.16805333333
20171031,1.1680875
20171101,1.165521875
20171102,1.168495
20171103,1.1634
20171106,1.16361428571
20171107,1.1625
20171108,1.16175
20171109,1.16680689655
20171110,1.1688
20171113,1.16854166667
20171114,1.18110526316
20171115,1.1801425
20171116,1.17955
20171117,1.18085
20171120,1.17530833333
20171121,1.1757625
20171122,1.18295
20171123,1.18640833333
20171124,1.194025
20171127,1.19168
20171128,1.186125
20171129,1.18625
20171130,1.190768
20171201,1.1906
20171204,1.187625
20171205,1.18381
20171206,1.18098333333
20171207,1.17779583333
20171208,1.17773333333
20171211,1.17801666667
20171212,1.17456111111
20171213,1.183755
20171214,1.17751428571
20171215,1.18375
20171218,1.18671
20171219,1.1912875
20171220,1.195075
20171221,1.19285
20171222,1.19415
20171225,1.1946125
20171226,1.19333
20171227,1.1956
20171228,1.19934583333
20171229,1.205225
20180101,1.20641666667
20180102,1.21139375
20180103,1.20612058824
20180104,1.21166071429
20180105,1.207925
20180108,1.20181
20180109,1.19762222222
20180110,1.2001
20180111,1.20883095238
20180112,1.224975
20180115,1.23118928571
20180116,1.23155
20180117,1.2223
20180118,1.22757631579
20180119,1.22575
20180122,1.22972333333
20180123,1.2349
20180124,1.24306428571
20180125,1.24286666667
20180126,1.2468
20180129,1.24177222222
20180130,1.24441875
20180131,1.2451
20180201,1.25444444444
20180202,1.249075
20180205,1.23975
20180206,1.2411
20180207,1.2298
20180208,1.228825
20180209,1.228
20180212,1.2327125
20180213,1.23794583333
20180214,1.24908125
20180215,1.25258571429
20180216,1.2429
20180219,1.24211818182
20180220,1.2355625
20180221,1.22985
20180222,1.23425
20180223,1.231375
20180226,1.23308846154
20180227,1.22406538462
20180228,1.22040909091
20180301,1.22821666667
20180302,1.233525
20180305,1.2346
20180306,1.2424326087
20180307,1.2419
20180308,1.23124814815
20180309,1.23087647059
20180312,1.2343
20180313,1.239684375
20180314,1.23763611111
20180315,1.23070131579
20180316,1.237675
20180319,1.24224583333
20180320,1.23315909091
20180321,1.24263571429
20180322,1.24034333333
20180323,1.243525
20180326,1.25349827586
20180327,1.24794166667
20180328,1.23802333333
20180329,1.236975
20180330,0
20180402,1.23598076923
20180403,1.23445
20180404,1.23521086957
20180405,1.2312
20180406,1.234525
20180409,1.23815
20180410,1.24225
20180411,1.24293809524
20180412,1.23865
20180413,1.238775
20180416,1.2439
20180417,1.24261470588
20180418,1.2429875
20180419,1.23930909091
20180420,1.233775
20180423,1.22576666667
20180424,1.22846538462
20180425,1.22146785714
20180426,1.21508333333
20180427,1.21735
20180430,1.212316
20180501,1.20316190476
20180502,1.19871285714
20180503,1.20244090909
20180504,1.1997
20180507,1.196675
20180508,1.18997857143
20180509,1.18770606061
20180510,1.19433333333
20180511,1.19705
20180514,1.19588095238
20180515,1.18474166667
20180516,1.18394230769
20180517,1.1813673913
20180518,1.179425
20180521,1.1812025
20180522,1.1809175
20180523,1.17271111111
20180524,1.17396315789
20180525,1.166425
20180528,1.16425
20180529,1.15526153846
20180530,1.16772307692
20180531,1.17039285714
20180601,1.167
20180604,1.17101052632
20180605,1.17355
20180606,1.1788
20180607,1.17998888889
20180608,1.177475
20180611,1.17776875
20180612,1.17518611111
20180613,1.18046
20180614,1.15645
20180615,1.1688
20180618,1.17098269231
20180619,1.16658333333
20180620,1.16521470588
20180621,1.16781875
20180622,1.17335
20180625,1.1774375
20180626,1.172125
20180627,1.16313
20180628,1.1631
20180629,1.174875
20180702,1.1704
20180703,1.17234166667
20180704,1.17206666667
20180705,1.17517857143
20180706,1.1804
20180709,1.181035
20180710,1.1794125
20180711,1.17305
20180712,1.171775
20180713,1.17405
20180716,1.17630172911
20180717,1.171045
20180718,1.1692875
20180719,1.16933
20180720,1.176525
20180723,1.17382916667
20180724,1.1727625
20180725,1.17745909091
20180726,1.16833055556
20180727,1.169975
20180730,1.17488181818
20180731,1.17264210526
20180801,1.17
20180802,1.16215
20180803,1.16025
20180806,1.15906
20180807,1.16333333333
20180808,1.16429117647
20180809,1.15503278689
20180810,1.143925
20180813,1.14324285714
20180814,1.13762857143
20180815,1.13696590909
20180816,1.1397
20180817,1.1462
20180820,1.15135
20180821,1.15957419355
20180822,1.1616
20180823,1.1558
20180824,1.16389615385
20180827,1.16970625
20180828,1.17113125
20180829,1.17190277778
20180830,1.16754285714
20180831,1.1612
20180903,1.16277142857
20180904,1.159296875
20180905,1.16397666667
20180906,1.16311578947
20180907,1.15594761905
20180910,1.15990789474
20180911,1.160640625
20180912,1.16295
20180913,1.1691
20180914,1.17034166667
20180917,1.17521060606
20180918,1.17597857143
20180919,1.17493333333
20180920,1.18575
20180921,1.18275
20180924,1.18262857143
20180925,1.18423157895
20180926,1.18222058824
20180927,1.17062777778
20180928,1.167125
20181001,1.16441818182
20181002,1.16182631579
20181003,1.154725
20181004,1.15796764706
20181005,1.15845
20181008,1.1555
20181009,1.15568125
20181010,1.15938636364
20181011,1.16504090909
20181012,1.16185
20181015,1.16402307692
20181016,1.16290588235
20181017,1.15502
20181018,1.15064285714
20181019,1.156275
20181022,1.151475
20181023,1.15178
20181024,1.1444
20181025,1.14183
20181026,1.14469
20181029,1.14163461538
20181030,1.13842666667
20181031,1.13555714286
20181101,1.14421785714
20181102,1.142625
20181105,1.14447083333
20181106,1.147675
20181107,1.14648333333
20181108,1.13992142857
20181109,1.13665
20181112,1.1253
20181113,1.13395625
20181114,1.13383571429
20181115,1.134975
20181116,1.1445
20181119,1.14767272727
20181120,1.13943888889
20181121,1.14085
20181122,1.142175
20181123,1.135175
20181126,1.135025
20181127,1.13135
20181128,1.13817
20181129,1.14055
20181130,1.1332
20181203,1.13656428571
20181204,1.13527916667
20181205,1.13565
20181206,1.13829285714
20181207,1.13915
20181210,1.1361
20181211,1.1326
20181212,1.1374452381
20181213,1.13635
20181214,1.1395
20181217,1.14398125
20181218,1.14653
20181219,1.14755
20181220,1.1541
20181221,1.1452
20181224,1.15031666667
20181225,1.149625
20181226,1.14385714286
20181227,1.15055
20181228,1.15165
20181231,1.153725
20190101,1.15335
20190102,1.1381
20190103,1.14585
20190104,1.1465
20190107,1.154575
20190108,1.15225
20190109,1.1617
20190110,1.15695
20190111,1.153075
20190114,1.15328333333
20190115,1.14732142857
20190116,1.145475
20190117,1.14467857143
20190118,1.14195
20190121,1.1422
20190122,1.14153
20190123,1.1435
20190124,1.13601428571
20190125,1.14555
20190128,1.14759666667
20190129,1.148
20190130,1.15278
20190131,1.14899666667
20190201,1.149875
20190204,1.14748333333
20190205,1.1447
20190206,1.14009230769
20190207,1.13719333333
20190208,1.135525
20190211,1.13104166667
20190212,1.13648666667
20190213,1.12918695652
20190214,1.13218
20190215,1.132375
20190218,1.13367307692
20190219,1.13641515152
20190220,1.13675
20190221,1.13603214286
20190222,1.135275
20190225,1.13839259259
20190226,1.1411137931
20190301,1.13775
20190304,1.13484285714
20190305,1.13166875
20190306,1.132125
20190307,1.12054166667
20190308,1.124025
20190311,1.12688333333
20190312,1.12945
20190313,1.13390555556
20190314,1.1307
20190315,1.14129791667
20190318,1.14207068966
20190319,1.14381333333
20190320,1.15049143836
20190321,1.14584709302
20190322,1.13815
20190325,1.13945
20190326,1.135442
20190327,1.1324
20190328,1.13018333333
20190329,1.12913076923
20190401,1.127768
20190402,1.12751136364
20190403,1.13098235294
20190404,1.12885952381
20190405,1.1282
20190408,1.13225
20190409,1.13311086957
20190410,1.13384802632
20190411,1.13188125
20190412,1.1361
20190415,1.13618653846
20190416,1.13356666667
20190417,1.1352325
20190418,1.1284
20190419,0
20190422,1.13127407407
20190423,1.1273625
20190424,1.1206
20190425,1.11843235294
20190426,1.1193
20190429,1.12293064516
20190430,1.12568947368
20190501,1.12455666667
20190502,1.12155
20190503,1.124325
20190506,1.12370833333
20190507,1.12302692308
20190508,1.12316363636
20190509,1.12523863636
20190510,1.12681666667
20190513,1.12622777778
20190514,1.1238
20190515,1.12344714286
20190516,1.12005952381
20190517,1.11845
20190520,1.11932638889
20190521,1.11878392857
20190522,1.11771521739
20190523,1.12029375
20190524,1.122625
20190527,1.12125
20190528,1.11830217391
20190529,1.11518783784
20190530,1.11466428571
20190531,1.11825
20190603,1.1257640625
20190604,1.12638035714
20190605,1.1236675
20190606,1.12848818182
20190607,1.13418571429
20190610,1.13206875
20190611,1.13327586207
20190612,1.12949
20190613,1.1279
20190614,1.12905
20190617,1.13023529412
20190618,0
20190619,1.13125
20190620,1.13682142857
20190621,1.1446
20190624,1.147171875
20190625,1.1439625
20190626,0
20190627,1.143775
20190628,1.1439
20190701,1.13529479167
20190702,1.13565645161
20190703,1.13505
20190704,1.1349
20190705,1.129025
20190708,1.12785
20190709,1.1267
20190710,1.13174322034
20190711,1.1314
20190712,1.13285454545
20190715,1.13165
20190716,1.12648857143
20190717,1.12786071429
20190718,1.1299475
20190719,1.127175
20190722,1.12571666667
20190723,1.11997678571
20190724,1.1187375
20190725,1.11904318182
20190726,1.1173
20190729,1.11886818182
20190730,1.11993333333
20190731,1.11180606061
20190801,1.11155
20190802,1.114475
20190805,1.12602058824
20190806,1.12360588235
20190807,1.12365
20190808,1.12165
20190809,1.12325
20190812,1.1244375
20190813,1.12036388889
20190814,1.117
20190815,1.1135
20190816,1.111625
20190819,1.11048076923
20190820,1.11207884615
20190821,1.11106333333
20190822,1.11003125
20190823,1.11595
20190826,1.111725
20190827,1.1108
20190828,1.10965
20190829,1.10705
20190830,1.1005
20190902,1.09773214286
20190903,1.09811
20190904,1.1042
20190905,1.10424
20190906,1.10335
20190909,1.10538970588
20190910,1.10532368421
20190911,1.10121060606
20190912,1.10589583333
20190913,1.114775
20190916,1.10795
20190917,1.11435
20190919,1.11137391304
20190920,1.10871428571
20190923,1.10606904762
20190924,1.10863125
20190925,1.10128666667
20190926,1.098185
20190927,1.10025
20190930,1.0958043956
20191001,1.09896470588
20191002,1.1015
20191003,1.10262959184
20191004,1.103275
20191007,1.10235
20191008,1.1009030303
20191009,1.1032
20191010,1.10552857143
20191011,1.108425
20191014,1.10737297297
20191015,1.10787948718
20191016,1.11181264368
20191017,1.1167362069
20191018,1.12121666667
20191021,1.11909339623
20191022,1.11707352941
20191023,1.11698333333
20191024,1.11402254902
20191025,1.1117
20191028,1.1133640625
20191029,1.11463392857
20191030,1.11845
20191031,1.11827916667
20191101,1.11961666667
20191104,1.1157
20191105,1.11018581081
20191106,1.10953061224
20191107,1.10774722222
20191108,1.10454210526
20191111,1.10582321429
20191112,1.10348030303
20191113,1.10303461538
20191114,1.10395
20191115,1.107225
20191118,1.10906666667
20191119,1.10956470588
20191120,1.10934090909
20191121,1.10801630435
20191122,1.10335
20191125,1.10231666667
20191126,1.10347884615
20191127,1.10156666667
20191128,1.10211722222
20191129,1.10316627907
20191202,1.10847837838
20191203,1.10896710526
20191204,1.10886805556
20191205,1.1109266129
20191206,1.106625
20191209,1.10682794118
20191210,1.10958815789
20191211,1.11343170732
20191212,1.1253825
20191213,1.119125
20191216,1.12049326923
20191217,1.12195381679
20191218,1.11813898305
20191219,1.11872391304
20191220,1.1140625
20191223,1.11526944444
20191224,1.11461
20191225,1.11564423077
20191226,1.1162125
20191227,1.1234
20191230,1.12545416667
20191231,1.12645
20200101,1.1270265625
20200102,1.12202018349
20200103,1.12055
20200106,1.12438529412
20200107,1.12012361111
20200108,1.11577865854
20200109,1.1153683908
20200110,1.116625
20200113,1.11771875
20200114,1.116928
20200115,1.11916818182
20200116,1.11761568627
20200117,1.11295
20200120,1.11337608696
20200121,1.11221145833
20200122,1.11307596154
20200123,1.10892439024
20200124,1.10585
20200127,1.10518888889
20200128,1.10538064516
20200129,1.10436022727
20200130,1.10575735294
20200131,1.11245494505
20200203,1.109022
20200204,1.10718823529
20200205,1.10250816327
20200206,1.10047460317
20200207,1.096759375
20200210,1.09329285714
20200211,1.09409732143
20200212,1.08947173913
20200213,1.0860362069
20200214,1.08505
20200217,1.08543095238
20200218,1.08122159091
20200219,1.08248913043
20200220,1.08020833333
20200221,1.0862
20200224,1.08620084746
20200225,1.08922647059
20200226,1.0897
20200227,1.10065638298
20200228,1.103875
20200302,1.11536041667
20200303,1.11845
20200304,1.11435
20200305,1.12274047619
20200306,1.129125
20200309,1.144275
20200310,1.13122
20200311,1.126
20200312,1.121775
20200313,1.11465
20200316,1.122525
20200317,1.10625
20200318,1.09855
20200319,1.07135
20200320,1.073525
20200323,1.079
20200324,1.08525
20200325,1.091975
20200326,1.107125
20200327,1.118
20200330,1.10775
20200331,1.10536666667
20200401,1.0984
20200402,1.08735
20200403,1.08325
20200406,1.0809
20200407,1.0915
20200408,1.08801153846
20200409,1.094975
20200410,0
20200413,1.0934
20200414,1.1001
20200415,1.09176290323
20200416,1.08763333333
20200417,1.088925
20200420,1.0879
20200421,1.086765
20200422,1.08355
20200423,1.0792
20200424,1.08376666667
20200427,1.08401153846
20200428,1.08355
20200429,1.08845
20200430,1.09525
20200501,1.09895
20200504,1.09128333333
20200505,1.084925
20200506,1.08062894737
20200507,1.084525
20200508,1.0849
20200511,1.08195833333
20200512,1.08585
20200513,1.08243333333
20200514,1.08090588235
20200515,1.082825
20200518,1.09225
20200519,1.0929475
20200520,1.09835
20200521,1.0955
20200522,1.0907
20200525,1.0898875
20200526,1.09856875
20200527,1.10164
20200528,1.10767307692
20200529,1.111075
20200601,1.11352307692
20200602,1.11758076923
20200603,1.12345
20200604,1.13400666667
20200605,1.1293
20200608,1.12963
20200609,1.134
20200610,1.13777857143
20200611,1.1322875
20200612,1.1279
20200615,1.13536428571
20200616,1.12825714286
20200617,1.12665
20200618,1.12306428571
20200619,1.11993666667
20200622,1.12945
20200623,1.13291428571
20200624,1.1272
20200625,1.12411428571
20200626,1.12373333333
20200629,1.1267452381
20200630,1.12536071429
20200701,1.126975
20200702,1.1258875
20200703,1.125975
20200706,1.13277142857
20200707,1.12912083333
20200708,1.13485
20200709,1.13032333333
20200710,1.131625
20200713,1.136390625
20200714,1.14241
20200715,1.142615
20200716,1.139875
20200717,1.1442
20200720,1.14606428571
20200721,1.15463
20200722,1.15831666667
20200723,1.16155163934
20200724,1.166925
20200727,1.17759583333
20200728,1.1732
20200729,1.18012
20200730,1.18585
20200731,1.1788
20200803,1.17708333333
20200804,1.1808
20200805,1.18816153846
20200806,1.18900714286
20200807,1.17952142857
20200810,1.17500526316
20200811,1.17515
20200812,1.17955
20200813,1.18241818182
20200814,1.1849
20200817,1.1879125
20200818,1.19455555556
20200819,1.18570416667
20200820,1.18706764706
20200821,1.18010454545
20200824,1.17985
20200825,1.18381666667
20200826,1.18401
20200827,1.18222727273
20200828,1.19090042373
20200831,1.194025
20200901,1.19206875
20200902,1.18555
20200903,1.1848
20200904,1.184
20200907,1.18174285714
20200908,1.17678928571
20200909,1.181
20200910,1.1851
20200911,1.187
20200914,1.18911
20200915,1.1871
20200916,1.18371666667
20200917,1.1874275
20200918,1.1861
20200921,1.17856666667
20200922,1.1727125
20200923,1.16811666667
20200924,1.16915
20200925,1.164925
20200928,1.16877083333
20200929,1.17625
20200930,1.17477777778
20201001,1.1762
20201002,1.17335
20201005,1.180425
20201006,1.17502941176
20201007,1.17841875
20201008,1.17796363636
20201009,1.184235
20201012,1.18292708333
20201013,1.1758675
20201014,1.17637666667
20201015,1.17195
20201016,1.173225
20201019,1.17817368421
20201020,1.18413636364
20201021,1.18726875
20201022,1.18351428571
20201023,1.187325
20201026,1.18193333333
20201027,1.18229512195
20201028,1.1762
20201029,1.16858723404
20201030,1.16580555556
20201102,1.16517435897
20201103,1.17275
20201104,1.17319666667
20201105,1.1836
20201106,1.18847
20201109,1.182015
20201110,1.18181153846
20201111,1.17908
20201112,1.18141086957
20201113,1.18436666667
20201116,1.18615294118
20201117,1.18728076923
20201118,1.1859
20201119,1.18843225806
20201120,1.18635
20201123,1.1844875
20201124,1.18947
20201125,1.19215510204
20201126,1.19165
20201127,1.1955
20201130,1.1933
20201201,1.2073
20201202,1.21160625
20201203,1.215118
20201204,1.21211818182
20201207,1.21137926829
20201208,1.21083064516
20201209,1.2083875
20201210,1.217025
20201211,1.21452391304
20201214,1.21777142857
20201215,1.2189
20201216,1.22122173913
20201217,1.22991428571
20201218,1.22801111111
20201221,1.225998
20201222,1.21978571429
20201223,1.22211
20201224,1.221275
20201225,1.221225
20201228,1.223321875
20201229,1.22750775862
20201230,1.23157857143
20201231,1.22415
20210101,1.223375
20210104,1.22624347826
20210105,1.231275
20210106,1.23420526316
20210107,1.2291
20210108,1.2241
20210111,1.21739848485
20210112,1.22192708333
20210113,1.2173
20210114,1.21762727273
20210115,1.20911071429
20210118,1.20912142857
20210119,1.214084375
20210120,1.212035
20210121,1.21794375
20210122,1.2182
20210125,1.2153
20210126,1.217766
20210127,1.21245
20210128,1.21322083333
20210129,1.21433043478
20210201,1.20688235294
20210202,1.20500322581
20210203,1.20453275862
20210204,1.1975
20210205,1.20562777778
20210208,1.20582083333
20210209,1.21257222222
20210210,1.21259591837
20210211,1.21385
20210212,1.21266666667
20210215,1.21382
20210216,1.21137592593
20210217,1.20488333333
20210218,1.20989285714
20210219,1.21216315789
20210222,1.21573888889
20210223,1.21490333333
20210224,1.2176875
20210225,1.21732931034
20210226,1.20688809524
20210301,1.2046625
20210302,1.20902826087
20210303,1.206753125
20210304,1.19734210526
20210305,1.19195
20210308,1.18466923077
20210309,1.19002608696
20210310,1.19301086957
20210311,1.20105
20210312,1.19786666667
20210315,1.19534615385
20210316,1.19262678571
20210317,1.20025
20210318,1.19345
20210319,1.19252333333
20210322,1.19593333333
20210323,1.18712444444
20210324,1.18324166667
20210325,1.1782
20210326,1.18132790698
20210329,1.17841369048
20210330,1.1736
20210331,1.17413333333
20210401,1.17895882353
20210402,1.1775625
20210405,1.18287682927
20210406,1.18939102564
20210407,1.188825
20210408,1.19305
20210409,1.19197258065
20210412,1.19256666667
20210413,1.19645151515
20210414,1.19907613636
20210415,1.19842837838
20210416,1.19955
20210419,1.2047606383
20210420,1.20452142857
20210421,1.20474285714
20210422,1.20267419355
20210423,1.21091818182
20210426,1.2099125
20210427,1.20989347826
20210428,1.213514
20210429,1.21342083333
20210430,1.2035
20210503,1.20717380952
20210504,1.2027
20210505,1.2012
20210506,1.20682272727
20210507,1.21737
20210510,1.21477678571
20210511,1.21552111111
20210512,1.20812875
20210513,1.20870740741
20210514,1.21495405405
20210517,1.216122
20210518,1.22293596491
20210519,1.2184
20210520,1.22341014493
20210521,1.21904285714
20210524,1.2221
20210525,1.22526641791
20210526,1.21985192308
20210527,1.21983297872
20210528,1.21941595745
20210531,1.22306025641
20210601,1.221896875
20210602,1.2213125
20210603,1.21316604938
20210604,1.21706826923
20210607,1.21928125
20210608,1.21750612245
20210609,1.21777631579
20210610,1.219709375
20210611,1.2129
20210614,1.21401811594
20210615,1.2149304878
20210616,1.20212037037
20210617,1.19242619048
20210618,1.188177
20210621,1.19366854839
20210622,1.196
20210623,1.19442631579
20210624,1.19519875
20210625,1.19557317073
20210628,1.19431111111
20210629,1.19207934783
20210630,1.187705
20210701,1.1863474359
20210702,1.188214
20210705,1.18845625
20210706,1.18382363636
20210707,1.1808546875
20210708,1.18600425532
20210709,1.18942444444
20210712,1.18745
20210713,1.17926648936
20210714,1.18524056604
20210715,1.1825171875
20210716,1.18193863636
20210719,1.18105465116
20210720,1.17954642857
20210721,1.1807
20210722,1.17801702128
20210723,1.17863333333
20210726,1.18160394737
20210727,1.1830078125
20210728,1.18591764706
20210729,1.18967758621
20210730,1.18722884615
20210802,1.18784285714
20210803,1.18715633803
20210804,1.18468378378
20210805,1.18416770833
20210806,1.17688421053
20210809,1.17446193182
20210810,1.1725
20210811,1.174725
20210812,1.17413611111
20210813,1.18017627119
20210816,1.17822906977
20210817,1.17176509434
20210818,1.17145
20210819,1.16815704225
20210820,1.17092017544
20210823,1.17479468085
20210824,1.17623292683
20210825,1.17762272727
20210826,1.17567285714
20210827,1.17986568627
20210830,1.18024779412
20210831,1.18108333333
20210901,1.18415510204
20210902,1.18761696429
20210903,1.1878265625
20210906,1.18745
20210907,1.1841940678
20210908,1.18187916667
20210909,1.184425
20210910,1.18327173913
20210913,1.18309107143
20210914,1.1827
20210915,1.18352716049
20210916,1.17895
20210917,1.17468333333
20210920,1.174475
20210921,1.17436354167
20210922,1.17112575758
20210923,1.17576489362
20210924,1.17385
20210927,1.17145
20210928,1.17000357143
20210929,1.16115
20210930,1.15946304348
20211001,1.16117045455
20211004,1.16362209302
20211005,1.1611
20211006,1.15736071429
20211007,1.15687083333
20211008,1.15867666667
20211011,1.15651111111
20211012,1.15448333333
20211013,1.16082833333
20211014,1.16109285714
20211015,1.16152909091
20211018,1.16223265306
20211019,1.16456643836
20211020,1.1661695122
20211021,1.16330425532
20211022,1.1653625
20211025,1.16221956522
20211026,1.16067573529
20211027,1.1608
20211028,1.16921511628
20211029,1.157075
20211101,1.16087857143
20211102,1.15879571429
20211103,1.16236119403
20211104,1.15630384615
20211105,1.15745
20211108,1.1595
20211109,1.16010131579
20211110,1.14921309524
20211111,1.145325
20211115,1.13725
20211116,1.13234259259
20211117,1.13224404762
20211118,1.13725
20211119,1.128625
20211122,1.12454125
20211123,1.12485
20211124,1.12058235294
20211125,1.12120357143
20211126,1.13090227273
20211129,1.129528
20211130,1.13327638889
20211201,1.1321
20211202,1.13071315789
20211203,1.13128333333
20211206,1.1285
20211207,1.12735
20211208,1.13445714286
20211209,1.13198970588
20211210,1.134475
20211213,1.13105
20211214,1.12843421053
20211215,1.13169230769
20211216,1.13599722222
20211217,1.126325
20211220,1.1299
20211221,1.1308
20211222,1.13477666667
20211223,1.13505
20211224,1.13505
20211227,1.13493888889
20211228,1.13325
20211229,1.13772
20211230,1.1339
20211231,1.13865
20220103,1.1317
20220104,1.12975
20220105,1.1325
20220106,1.1309
20220107,1.1377
20220110,1.13445833333
20220111,1.13801166667
20220112,1.1453
20220113,1.14696388889
20220115,1.1429
20220117,1.14225869565
20220118,1.13413235294
20220119,1.13548382353
20220120,1.13242941176
20220121,1.13585740741
20220124,1.1335
20220125,1.1314
20220126,1.1250734375
20220127,1.11539473684
20220128,1.11576136364
20220131,1.12389423077
20220201,1.1282
20220202,1.13078181818
20220203,1.14441333333
20220204,1.14576875
20220207,1.144865
20220208,1.14282333333
20220209,1.14282307692
20220210,1.14192857143
20220211,1.14074761905
20220214,1.13125
20220215,1.13619
20220216,1.13783
20220217,1.13691041667
20220218,1.13285
20220221,1.1314
20220222,1.13337777778
20220223,1.130915
20220224,1.11945
20220225,1.127525
20220228,1.122
20220301,1.1136
20220302,1.1114
20220303,1.10675
20220304,1.096184
20220307,1.08672173913
20220308,1.08985714286
20220309,1.1074
20220310,1.10513888889
20220311,1.10229444444
20220314,1.09793
20220315,1.1004
20220316,1.1057
20220317,1.11331875
20220318,1.1084
20220321,1.105
20220322,1.10625
20220323,1.10385
20220324,1.10413076923
20220325,1.101575
20220328,1.10245
20220329,1.11229230769
20220330,1.1191
20220331,1.11018125
20220401,1.10800789474
20220404,1.10028333333
20220405,1.09337352941
20220406,1.092455
20220407,1.08907083333
20220408,1.09023571429
20220411,1.09035
20220412,1.08501666667
20220413,1.091875
20220414,1.08535
20220415,1.08535
20220418,1.08037857143
20220419,1.081735
20220420,1.0871875
20220421,1.08569583333
20220422,1.082
20220425,1.07335
20220426,1.0663
20220427,1.0574
20220428,1.05222916667
20220429,0
20220502,1.05277115385
20220503,1.05435909091
20220504,1.0637
20220505,1.05555
20220506,1.05625
20220509,1.05781818182
20220510,1.05435
20220511,1.0524875
20220512,1.039115625
20220513,1.041975
20220516,1.0451
20220517,1.056
20220518,1.0483
20220519,1.05886666667
20220520,1.05715
20220523,1.06925
20220524,1.07413235294
20220525,1.069385
20220526,1.073934375
20220527,1.074225
20220530,1.07788235294
20220531,1.07394166667
20220601,1.0655
20220602,1.0754
20220603,1.072325
20220606,1.06920789474
20220607,1.06992
20220608,1.0718
20220609,1.068052
20220610,1.058075
20220613,1.048375
20220614,1.0506
20220615,1.0524
20220616,1.06131
20220617,1.056
20220620,1.0583
20220621,1.0597
20220622,1.0629
20220623,1.0583
20220624,1.0618
20220627,1.0642
20220628,1.05825882353
20220629,1.05025
20220630,1.053604
20220701,1.0484
20220704,1.04886153846
20220705,1.031078125
20220706,1.02363125
20220707,1.02189347826
20220708,1.023825
20220711,1.00953947368
20220712,1.00788666667
20220713,1.0083
20220714,1.00735
20220715,1.0135
20220718,1.01925
20220719,1.0275
20220720,1.02234827586
20220721,1.0260375
20220722,1.0256
20220725,1.02625
20220726,1.0167
20220727,1.02405
20220728,1.0226625
20220729,1.026
20220801,1.02951388889
20220802,1.0189
20220803,1.01861216216
20220804,1.02765
20220805,1.021
20220808,1.02259
20220809,1.0235
20220810,1.03240384615
20220811,1.0345
20220812,1.02825
20220815,1.01843
20220816,1.01918125
20220817,1.01974615385
20220818,1.01079583333
20220819,1.005825
20220822,0.99555
20220823,0.998283333333
20220824,0.9982
20220825,0.998430952381
20220826,0.99795
20220829,1.002285
20220830,1.00352333333
20220831,1.0047
20220901,0.9960375
20220902,0.996425
20220905,0.9957575
20220906,0.990391071429
20220907,1.00028
20220908,1.0014
20220909,1.005
20220912,1.0132
20220913,0.99805
20220914,0.998313888889
20220915,1.00540869565
20220916,1.00795
20220919,1.00958333333
20220920,1.00365
20220921,0.98935
20220922,0.989915384615
20220923,0.9752
20220926,0.9678
20220927,0.965246153846
20220928,0.97605
20220929,0.988372727273
20220930,0.98605
20221003,0.988721428571
20221004,1.0038
20221005,0.99622
20221006,0.98389375
20221007,0.978875
20221010,0.976
20221011,0.9749
20221012,0.97515
20221013,0.9814
20221014,0.9769
20221017,0.98887
20221018,0.990678571429
20221019,0.980707894737
20221020,0.981942307692
20221021,0.989675
20221024,0.992485714286
20221025,1.00015
20221026,1.0131
20221027,1.000325
20221028,1.00025
20221031,0.992066666667
20221101,0.9911
20221102,0.9846
20221103,0.977957142857
20221104,0.999575
20221107,1.00474444444
20221108,1.01075
20221109,1.00459166667
20221110,1.02180625
20221111,1.0385
20221114,1.03451111111
20221115,1.03823
20221116,1.0416
20221117,1.03825
20221118,1.034425
20221121,1.026475
20221122,1.033
20221123,1.04351666667
20221124,1.04245
20221125,1.0419
20221128,1.03585
20221129,1.0338
20221130,1.04355
20221201,1.05396
20221202,1.055225
20221205,1.050678125
20221206,1.04767272727
20221207,1.05195
20221208,1.05635
20221209,1.05395
20221212,1.05467647059
20221213,1.06293888889
20221214,1.06784
20221215,1.07073333333
20221216,1.065425
20221219,1.068
20221220,1.0692
20221221,1.06707857143
20221222,1.06635
20221223,1.067575
20221226,1.07023333333
20221227,1.069675
20221228,1.06825
20221229,1.07146428571
20221230,1.075525
20230102,1.072875
20230103,1.05955
20230104,1.06545
20230105,1.0568
20230106,1.06924
20230109,1.07795
20230110,1.078425
20230111,1.0808
20230112,1.09025
20230113,1.08766666667
20230116,1.08700192308
20230117,1.0829
20230118,1.08345
20230119,1.0870175
20230120,1.0892
20230123,1.09061363636
20230124,1.09240740741
20230125,1.0953
20230126,1.09243636364
20230127,1.089975
20230130,1.08791707317
20230131,1.0889
20230201,1.10385
20230202,1.09294074074
20230203,1.081825
20230206,1.07511052632
20230207,1.07517857143
20230208,1.07355
20230209,1.07583636364
20230210,1.069575
20230213,1.07488815789
20230214,1.075256
20230215,1.0706
20230216,1.067990625
20230217,1.070725
20230220,1.06955
20230221,1.06637173913
20230222,1.0615625
20230223,1.06073846154
20230224,1.055475
20230227,1.0618
20230228,1.05846666667
20230301,1.06744473684
20230302,1.06035
20230303,1.06405
20230306,1.06895
20230307,1.05515
20230308,1.05505
20230309,1.06486521739
20230310,1.0708
20230313,1.07908541667
20230314,1.0791
20230315,1.06433333333
20230316,1.06716111111
20230317,1.07235
20230320,1.077625
20230321,1.08279166667
20230322,1.09225357143
20230323,1.0887
20230324,1.081275
20230327,1.08584285714
20230328,1.08905
20230329,1.08925
20230330,1.095296875
20230331,1.088975
20230403,1.09535
20230404,1.10013035714
20230405,1.09465
20230406,1.09635
20230407,1.095025
20230410,1.09119038462
20230411,1.09584761905
20230412,1.10367391304
20230413,1.10912115385
20230414,1.103375
20230417,1.09623461538
20230418,1.10125714286
20230419,1.098725
20230420,1.10025
20230421,1.10245
20230424,1.10905606061
20230425,1.1011625
20230426,1.10765
20230427,1.10618421053
20230428,1.10485
20230501,1.09990568182
20230502,1.10405857143
20230503,1.10965
20230504,1.105071875
20230505,1.10440454545
20230508,1.10225
20230509,1.09895909091
20230510,1.100625
20230511,1.09348823529
20230512,1.0873
20230515,1.0894796875
20230516,1.08859423077
20230517,1.08567682927
20230518,1.07926956522
20230519,1.0825125
20230522,1.0827
20230523,1.07851190476
20230524,1.07692647059
20230525,1.0737275
20230526,1.074
20230529,1.07193333333
20230530,1.074375
20230531,1.07032352941
20230601,1.07698157895
20230602,1.0716
20230605,1.07191195652
20230606,1.07058269231
20230607,1.07120487805
20230608,1.07868846154
20230609,1.07535
20230612,1.0766
20230613,1.07925
20230614,1.08435
20230615,1.09976666667
20230616,1.0994
20230619,1.09735576923
20230620,1.097015
20230621,1.104
20230622,1.10033913043
20230623,1.09415
20230626,1.09555
20230627,1.1003
20230628,1.09583636364
20230629,1.09095
20230630,1.095225
20230703,1.09537631579
20230704,1.0922797619
20230705,1.08937173913
20230706,1.09281833333
20230707,1.10084661017
20230710,1.10431276596
20230711,1.10508461538
20230712,1.1177
20230713,1.12593939394
20230714,1.12649230769
20230717,1.12725338983
20230718,1.12627205882
20230719,1.12373285714
20230720,1.11656190476
20230721,1.11586
20230724,1.1093
20230725,1.1079097561
20230726,1.11057631579
20230727,1.10048108108
20230728,1.104475
20230731,1.10224512195
20230801,1.10321774194
20230802,1.09665405405
20230803,1.09734347826
20230804,1.1032
20230807,1.10245098039
20230808,1.09804714286
20230809,1.09968148148
20230810,1.10005322581
20230811,1.0966
20230814,1.0925
20230815,1.09206086957
20230816,1.089
20230817,1.08890588235
20230818,1.08864375
20230821,1.09117586207
20230822,1.08598913043
20230823,1.08772692308
20230824,1.08102291667
20230825,1.08069453125
20230828,1.08356388889
20230829,1.08791276596
20230830,1.093725
20230831,1.08497258065
20230901,1.07805
20230904,1.07976698113
20230905,1.07304038462
20230906,1.07285
20230907,1.07012647059
20230908,1.0703
20230911,1.07502755102
20230912,1.07556730769
20230913,1.07338518519
20230914,1.06775
20230915,1.07041875
20230918,1.07330675676
20230919,1.07223269231
20230920,1.06892592593
20230921,1.06993181818
20230922,1.0684
20230925,1.06291621622
20230926,1.0606025
20230927,1.054096875
20230928,1.05971886792
20230929,1.06075
20231002,1.05141428571
20231003,1.05021666667
20231004,1.053876
20231005,1.05778092105
20231006,1.0619
20231009,1.0609969697
20231010,1.06346547619
20231011,1.06525
20231012,1.05636428571
20231013,1.05375
20231016,1.05812105263
20231017,1.05996090909
20231018,1.05631341463
20231019,1.0611255102
20231020,1.06185
20231023,1.0694304878
20231024,1.06184903846
20231025,1.05881
20231026,1.05853552632
20231027,1.05855
20231030,1.063482
20231031,1.05981785714
20231101,1.06053114754
20231102,1.06340298507
20231103,1.07505
20231106,1.07361142857
20231107,1.0712625
20231108,1.0727
20231109,1.06825
20231110,1.0702
20231113,1.0715797619
20231114,1.08925
20231115,1.08670952381
20231116,1.08658714286
20231117,1.09295
20231120,1.09562714286
20231121,1.0928695122
20231122,1.089822
20231123,1.09139632353
20231124,1.09535
20231127,1.0968
20231128,1.10121052632
20231129,1.09805
20231130,1.08981770833
20231201,1.0888
20231204,1.0842952381
20231205,1.07982179487
20231206,1.07696346154
20231207,1.07927608696
20231208,1.07665
20231211,1.0768
20231212,1.08002962963
20231213,1.08834375
20231214,1.10374583333
20231215,1.0938
20231218,1.0965
20231219,1.10204957627
20231220,1.098125
20231221,1.10453387097
20231222,1.1053
20231225,1.1059
20231226,1.10817439024
20231227,1.11433513514
20231228,1.11025328947
20231229,1.10715
20240101,1.10705
20240102,1.09754459459
20240103,1.095774
20240104,1.09776276596
20240105,1.09735625
20240108,1.09803114754
20240109,1.09617641509
20240110,1.10027755102
20240111,1.10107393617
20240112,1.09785
20240115,1.09728
20240116,1.0905125
20240117,1.09114137931
20240118,1.09049313725
20240119,1.09225
20240122,1.09012842105
20240123,1.0881
20240124,1.09038392857
20240125,1.0867296875
20240126,1.08755
20240129,1.085475
20240130,1.08635
20240131,1.08235535714
20240201,1.08936969697
20240202,1.0806
20240205,1.07585
20240206,1.07739666667
20240207,1.0791620370370372
20240208,1.0793152173913045
20240209,1.0801
20240212,1.07863
20240213,1.0722193548387098
20240214,1.07444
20240215,1.0785500000000001
20240216,1.079
20240219,1.0787
20240220,1.0820915254237289
20240221,1.0830382978723405
20240222,1.083468181818182
20240223,1.08315
20240226,1.0859290322580646
20240227,1.08495
20240228,1.0845275
20240229,1.0812000000000002
20240301,1.0847
20240304,1.0859648936170214
20240305,1.08605
20240306,1.0903424242424242
20240307,1.0954424657534247
20240308,1.0942485714285715
20240311,1.0933103773584907
20240312,1.0929
20240313,1.0953901960784314
20240314,1.0923980263157895
20240315,1.09295
20240318,1.0913183333333334
20240319,1.0901266233766234
20240320,1.097582843137255
20240321,1.0899270270270272
20240322,1.0845
20240325,1.087422142857143
20240326,1.0867154320987655
20240327,1.0846670212765959
20240328,1.0821636363636364
20240329,0
20240401,1.0770228260869565
20240402,1.0801
20240403,1.0870094827586207
20240404,1.0867923076923076
20240405,1.08685
20240408,1.0892608333333333
20240409,1.0889
20240410,1.0769674603174604
20240411,1.0754410256410256
20240412,1.06685
20240415,1.0652083333333335
20240416,1.0647850877192984
20240417,1.069429411764706
20240418,1.0667559523809524
20240419,1.0681986111111113
20240422,1.0678038961038963
20240423,1.0726402985074628
20240424,1.0722841121495328
20240425,1.0749398305084745
20240426,1.0716
20240429,1.07355
20240430,1.0686896551724139
20240501,1.073685483870968
20240502,1.0749354166666667
20240503,1.0782033333333334
20240506,1.0785596774193549
20240507,1.0768
20240508,1.076363888888889
20240509,1.0798260273972604
20240510,1.0787
20240513,1.0807733333333334
20240514,1.0829482394366199
20240515,1.0902464285714286
20240516,1.0881434931506848
20240517,1.0882500000000002
20240520,1.0873000000000002
20240521,1.0866217741935484
20240522,1.0835646666666667
20240523,1.0822176056338029
20240524,1.085804268292683
20240527,1.0871164835164835
20240528,1.086062244897959
20240529,1.080889240506329
20240530,1.0838566225165565
20240531,1.08565
20240603,1.091389156626506
20240604,1.088759420289855
20240605,1.0878686868686869
20240606,1.089579268292683
20240607,1.0805500000000001
20240610,1.0766829787234042
20240611,1.0742985401459855
20240612,1.0814446808510638
20240613,1.0784489130434782
20240614,1.075233
20240617,1.0785961956521741
20240618,1.078398125
20240619,1.0791091549295775
20240620,1.0749260204081634
20240621,1.073725
20240624,1.0775000000000001
20240625,1.0751075757575759
20240626,1.0719630434782608
20240627,1.0747133333333334
20240628,1.0753155555555556
20240701,1.07745
20240702,1.0785529761904762
20240703,1.0827453333333334
20240704,1.0846344621513946
20240705,1.08755
20240708,1.0865202127659577
20240709,1.0848556962025317
20240710,1.0866020408163266
20240711,1.090620625
20240712,1.0942
20240715,1.093
20240716,1.0933405
20240717,1.0970117647058824
20240718,1.092945
20240719,1.0914489130434784
20240722,1.0917048076923077
20240723,1.0877263636363637
20240724,1.0863741379310345
20240725,1.0876693121693124
20240726,1.0881266129032259
20240729,1.0843455056179776
20240730,1.08395
20240731,1.0846
20240801,1.0808
20240802,1.09335
20240805,1.09715
20240806,1.0946337837837838
20240807,1.0946107142857144
20240808,1.0933207692307694
20240809,1.0934000000000001
20240812,1.09534
20240813,1.1013236486486486
20240814,1.102709523809524
20240815,1.0987245901639344
20240816,1.1044
20240819,1.109954
20240820,1.1141195652173914
20240821,1.1167
20240822,1.1127629032258064
20240823,1.12045
20240826,1.1174953125
20240827,1.1187
20240828,1.11323984375
20240829,1.1087839285714287
20240830,1.1055000000000001
20240902,1.107391911764706
20240903,1.10545
20240904,1.1084576271186442
20240905,1.1115066666666669
20240906,1.1090142857142857
20240909,1.10385
20240910,1.1022953125000001
20240911,1.1011307017543859
20240912,1.1120788461538462
20240913,1.1118096774193549
20240916,1.1169056962025319
20240917,1.1162322222222223
20240918,1.1150166666666668
20240919,1.119491304347826
20240920,1.1197650000000001
20240923,1.1145500000000002
20240924,1.1225845070422538