20041210,6JH5
20050311,6JM5
20050610,6JU5
20050916,6JZ5
20051216,6JH6
20060310,6JM6
20060616,6JU6
20060915,6JZ6
20061215,6JH7
20070316,6JM7
20070615,6JU7
20070914,6JZ7
20071214,6JH8
20080314,6JM8
20080613,6JU8
20080912,6JZ8
20081212,6JH9
20090313,6JM9
20090612,6JU9
20090911,6JZ9
20091211,6JH0
20100312,6JM0
20100611,6JU0
20100910,6JZ0
20101210,6JH1
20110311,6JM1
20110610,6JU1
20110916,6JZ1
20111216,6JH2
20120315,6JM2
20120316,6JM2
20120614,6JU2
20120615,6JU2
20120914,6JZ2
20121214,6JH3
20130315,6JM3
20130614,6JU3
20130913,6JZ3
20131213,6JH4
20140314,6JM4
20140613,6JU4
20140912,6JZ4
20141212,6JH5
20150313,6JM5
20150612,6JU5
20150911,6JZ5
20151211,6JH6
20160311,6JM6
20160610,6JU6
20160916,6JZ6
20161216,6JH7
20170310,6JM7
20170616,6JU7
20170915,6JZ7
20171215,6JH8
20180316,6JM8
20180615,6JU8
20180914,6JZ8
20181214,6JH9
20190315,6JM9
20190614,6JU9
20190913,6JZ9
20191212,6JH0
20200312,6JM0
20200611,6JU0
20200910,6JZ0
20201210,6JH1
20210311,6JM1
20210610,6JU1
20210909,6JZ1
20211209,6JH2
20220310,6JM2
20220609,6JU2
20220915,6JZ2
20221215,6JH3
20230309,6JM3
20230615,6JU3
20230914,6JZ3
20231214,6JH4
20240314,6JM4
20240613,6JU4
20240912,6JZ4
20241212,6JH5
20250313,6JM5
