20041129,ZTH5
20050225,ZTM5
20050530,ZTU5
20050830,ZTZ5
20051129,ZTH6
20060227,ZTM6
20060530,ZTU6
20060830,ZTZ6
20061129,ZTH7
20070227,ZTM7
20070530,ZTU7
20070830,ZTZ7
20071129,ZTH8
20080228,ZTM8
20080529,ZTU8
20080828,ZTZ8
20081127,ZTH9
20090226,ZTM9
20090528,ZTU9
20090828,ZTZ9
20091127,ZTH0
20100225,ZTM0
20100528,ZTU0
20100830,ZTZ0
20101129,ZTH1
20110225,ZTM1
20110530,ZTU1
20110830,ZTZ1
20111129,ZTH2
20120224,ZTM2
20120228,ZTM2
20120528,ZTU2
20120530,ZTU2
20120830,ZTZ2
20121129,ZTH3
20130227,ZTM3
20130530,ZTU3
20130829,ZTZ3
20131128,ZTH4
20140227,ZTM4
20140529,ZTU4
20140828,ZTZ4
20141127,ZTH5
20150226,ZTM5
20150528,ZTU5
20150828,ZTZ5
20151127,ZTH6
20160226,ZTM6
20160530,ZTU6
20160830,ZTZ6
20161129,ZTH7
20170227,ZTM7
20170530,ZTU7
20170830,ZTZ7
20171129,ZTH8
20180227,ZTM8
20180530,ZTU8
20180830,ZTZ8
20181129,ZTH9
20190227,ZTM9
20190530,ZTU9
20190829,ZTZ9
20191126,ZTH0
20200225,ZTM0
20200526,ZTU0
20200826,ZTZ0
20201125,ZTH1
20210223,ZTM1
20210526,ZTU1
20210826,ZTZ1
20211125,ZTH2
20220223,ZTM2
20220526,ZTU2
20220826,ZTZ2
20221125,ZTH3
20230223,ZTM3
20230526,ZTU3
20230828,ZTZ3
20231127,ZTH4
20240226,ZTM4
20240528,ZTU4
20240827,ZTZ4
20241126,ZTH5
20250225,ZTM5
